Rk, Team, Conf, G, Rec, AdjOE, AdjDE, Barthag, Efg%, EfgD%, TOR, TORD, ORB, DRB, FTR, FTRD, 2P%, 2P%D, 3P%, 3P%D, Adj T., WAB
1, Houston, Amer, 31, 29-2
17–1, 120.7
5, 91.7
6, .9597
1, 53.8
37, 42.7
3, 15.3
25, 22.4
21, 37.8
4, 27.9
158, 27.6
300, 34.9
268, 54.4
34, 43.2
4, 35.2
104, 28
2, 63.1
346, 8
4
2, Alabama, SEC, 31, 26-5
16–2, 116.9
17, 90.9
4, .9474
2, 52.8
66, 42.1
2, 19.1
241, 16
304, 33.2
44, 27.3
123, 38.2
31, 33.5
240, 54.6
29, 41.9
1, 33.9
177, 28.4
3, 73.2
2, 8.9
2
3, Tennessee
   vs. 115 Mississippi (won), SEC, 32, 23-9
11–7, 112.9
46, 88.2
1, .9442
3, 50.2
202, 41.7
1, 18.1
167, 22.4
21, 37
5, 27.2
118, 31.1
194, 35.3
277, 51
146, 44
7, 32.7
245, 25.8
1, 65.5
279, 3.6
17
4, UCLA
   vs. 68 Colorado (won), P12, 32, 28-4
18–2, 114.5
28, 89.7
2, .9436
4, 51.2
147, 47.3
40, 15.6
30, 24.1
7, 34.5
20, 27.4
129, 27.2
312, 27.1
64, 50.8
160, 47.3
58, 34.8
139, 31.6
56, 66.4
219, 8.2
3
5, Connecticut
   vs. 57 Providence (won), BE, 32, 25-7
13–7, 119.8
8, 94.2
17, .9409
5, 53.6
42, 45.2
10, 19
237, 19.5
96, 39
1, 26.2
76, 31.6
169, 39
328, 53.4
59, 45.6
19, 35.9
80, 29.5
11, 67.2
177, 5.3
12
6, Purdue, B10, 31, 26-5
15–5, 119.2
10, 94.2
18, .9371
6, 52.3
82, 47.1
35, 17.3
102, 15.5
327, 38.5
2, 23.3
13, 36.8
48, 18.6
1, 54.3
35, 47.4
60, 32.7
245, 31
31, 64
330, 7.5
5
7, Gonzaga, WCC, 32, 28-5
14–2, 125.4
1, 100.2
82, .9296
7, 58.5
2, 51.7
244, 14.6
10, 18.8
126, 31.1
100, 26
68, 34.2
90, 26.7
54, 59
3, 51.2
227, 38.4
12, 35
242, 69.9
47, 7
6
8, Saint Mary's, WCC, 32, 26-7
14–2, 113.5
40, 91.0
5, .9268
8, 52.5
75, 46.7
27, 16.4
59, 19
121, 33.1
46, 21.8
2, 31.2
189, 30.3
156, 51
146, 45.6
19, 36.7
42, 32.8
100, 62.1
356, 3.9
15
9, Arizona
   vs. 82 Stanford, P12, 31, 25-6
14–6, 120.8
4, 97.4
43, .9220
9, 56.5
4, 47.3
40, 18.4
203, 17
246, 31.3
93, 26.3
80, 36.6
50, 25.9
43, 56.4
10, 46.2
32, 37.8
20, 32.8
100, 72.7
5, 5.9
9
10, San Diego St.
   vs. 106 Colorado St. (won), MWC, 30, 25-6
15–3, 114.3
30, 92.3
8, .9211
10, 50.9
167, 48
68, 17.9
152, 19.7
84, 31.9
73, 25.4
51, 34
94, 30
149, 50
193, 50.3
180, 35.1
108, 29.7
13, 66.1
236, 5.5
11
11, Texas
   vs. 30 Oklahoma St., B12, 31, 23-8
12–6, 116.8
18, 94.8
23, .9167
11, 53.3
47, 48.7
90, 16.5
64, 22.7
20, 28.4
187, 29.3
221, 31.6
169, 35.2
274, 54.1
39, 48
76, 34.5
153, 33.3
134, 69.1
89, 6.2
7
12, Kansas
   vs. 19 West Virginia (won), B12, 32, 26-6
13–5, 114.2
33, 92.9
10, .9148
12, 52.5
75, 47
31, 17.1
86, 20
76, 28.6
178, 27.8
152, 29.7
236, 31.9
206, 52.7
74, 47
51, 34.8
139, 31.2
38, 69.1
84, 10
1
13, Creighton
   vs. 62 Villanova, BE, 31, 20-11
14–6, 115.1
25, 94.0
15, .9112
13, 54.4
26, 46.9
29, 16.7
69, 14.4
353, 26
253, 23
12, 28
287, 19.9
2, 55
22, 45.6
19, 35.8
85, 33.5
148, 67.7
159, 1.7
37
14, Baylor
   vs. 17 Iowa St. (lost), B12, 32, 22-10
11–7, 123.1
2, 101.1
99, .9058
14, 53.1
55, 51.4
227, 18.1
167, 19.9
77, 34.7
18, 31.1
300, 37.2
41, 31.4
186, 50.8
160, 53.3
315, 37.2
32, 32.2
75, 66.9
195, 5.6
10
15, Texas A&M, SEC, 31, 23-8
15–3, 115.1
24, 95.4
27, .8970
15, 49.2
245, 47.4
43, 18.2
180, 21.2
38, 36.3
8, 30.2
261, 46.3
2, 35.4
280, 49.5
218, 46.7
43, 32.5
260, 32.2
75, 66.2
231, 3.1
25
16, Marquette
   vs. 90 St. John's (won), BE, 32, 26-6
17–3, 119.3
9, 98.9
66, .8963
16, 56.4
6, 51.5
236, 15.5
27, 23.1
15, 26.7
237, 31.7
313, 27.1
316, 29.5
133, 59.2
1, 50.3
180, 35
122, 35.8
279, 69.1
85, 6.1
8
17, Iowa St.
   vs. 14 Baylor (won), B12, 31, 19-12
9–9, 110.4
81, 91.8
7, .8925
17, 50.9
167, 49.8
131, 19.4
263, 25.1
2, 33.7
28, 26.5
84, 27.9
290, 39.5
334, 51.1
139, 49
120, 33.8
181, 33.9
165, 64.1
325, 2.9
26
18, Xavier
   vs. 158 DePaul, BE, 31, 23-8
15–5, 120.4
7, 100.2
83, .8919
18, 56.3
8, 50.4
168, 17.7
140, 16.6
277, 31.2
99, 25.7
61, 31.4
181, 27.7
80, 54.7
25, 48.4
88, 39.8
4, 36.1
289, 70.9
28, 4.5
14
19, West Virginia
   vs. 12 Kansas (lost), B12, 33, 19-14
7–11, 117.6
14, 98.0
51, .8906
19, 51.7
111, 50.7
186, 18.5
208, 20.9
49, 33.7
28, 29.3
221, 39.7
19, 38.5
319, 51.3
127, 50.5
191, 34.8
139, 34.1
177, 68.7
113, 1.8
35
20, Arkansas
   vs. 22 Auburn, SEC, 31, 19-12
8–10, 112.2
54, 93.7
13, .8876
20, 52
92, 46.4
22, 18.1
167, 20.5
59, 30.2
126, 27.8
152, 38.7
28, 38.4
318, 53.6
55, 46.5
38, 32.1
279, 30.9
26, 69.8
52, 0.6
48
21, Kansas St.
   vs. 25 TCU, B12, 31, 23-8
11–7, 112.0
56, 93.7
14, .8854
21, 51.6
118, 47.4
43, 19.8
284, 20.9
49, 31
102, 29.1
214, 37.3
40, 36.9
299, 51.4
119, 49.2
138, 34.5
153, 29.5
11, 70
45, 5.1
13
22, Auburn
   vs. 20 Arkansas, SEC, 31, 20-11
10–8, 113.1
43, 94.8
22, .8835
22, 49.5
227, 45.2
10, 18.2
180, 19.1
116, 33.6
30, 31.6
311, 35
72, 38.9
326, 50.8
160, 46.3
36, 31.4
313, 28.8
6, 67.7
158, 1.8
36
23, Duke
   vs. 87 Pittsburgh (won), ACC, 32, 24-8
14–6, 112.7
49, 95.1
25, .8755
23, 50.9
167, 46.3
21, 18.3
190, 16.8
256, 36.7
7, 26.2
76, 29.9
228, 23.8
16, 51.4
119, 46.5
38, 33.3
207, 30.5
22, 65.2
287, 3.2
22
24, Memphis, Amer, 31, 23-8
13–5, 114.6
26, 96.8
36, .8747
24, 53
59, 47.7
55, 18.7
220, 21.1
40, 31.3
93, 31.7
313, 36
60, 35
271, 53.5
57, 48.2
84, 34.4
161, 31.4
46, 71.5
19, 3.6
18
25, TCU
   vs. 21 Kansas St., B12, 31, 20-11
9–9, 112.4
52, 95.3
26, .8699
25, 50.5
186, 48
68, 17.2
94, 22
24, 32.5
58, 30.6
282, 34.3
88, 29.6
137, 53
68, 48.7
103, 29.6
352, 31.1
35, 70
43, 2.3
31
26, Kentucky, SEC, 31, 21-10
12–6, 117.4
15, 99.6
74, .8690
26, 51.3
140, 48.5
82, 17.2
94, 16.7
262, 38.3
3, 25.6
60, 32.5
133, 29.7
142, 50.3
188, 48
76, 35.9
80, 32.8
100, 65.9
259, 2.5
30
27, Utah St.
   vs. 49 New Mexico, MWC, 30, 24-7
13–5, 118.4
12, 100.5
87, .8686
27, 56.3
8, 48.5
82, 17.4
116, 16
304, 27.4
218, 24.6
30, 35.3
66, 29.2
121, 54.5
32, 46.1
28, 39.2
5, 35.4
264, 68.6
116, 3.1
24
28, Michigan St., B10, 30, 19-11
11–8, 113.8
37, 96.8
37, .8654
28, 51.9
101, 47.9
63, 16.5
64, 14.9
341, 27.3
221, 25.3
46, 25.6
335, 28.9
114, 47.8
277, 48.9
113, 40.1
3, 30.9
26, 65
299, 2.8
28
29, Maryland
   vs. 211 Minnesota, B10, 31, 20-11
11–9, 113.7
39, 97.0
39, .8610
29, 51.5
122, 47.6
48, 16.4
59, 18.3
160, 29.7
147, 27.2
118, 34
94, 27.3
69, 53
68, 47.5
63, 32.7
245, 31.8
59, 64.9
304, 1
43
30, Oklahoma St.
   vs. 11 Texas, B12, 32, 18-14
8–10, 109.2
100, 93.6
12, .8553
30, 49.9
217, 45.9
16, 20.5
317, 19.1
116, 31.8
75, 28.7
193, 32.5
133, 31.2
181, 51.4
119, 44.8
11, 31.6
306, 31.8
59, 67.6
164, 0.7
47
31, Boise St.
   vs. 92 UNLV, MWC, 30, 23-8
13–5, 110.2
84, 94.6
20, .8531
31, 51.8
106, 46.9
29, 16.9
78, 17.6
205, 26.9
231, 23.8
17, 30.2
220, 27.3
69, 50.8
160, 47.8
72, 35.7
91, 30.3
19, 66.6
210, 2.8
27
32, Indiana, B10, 31, 21-10
12–8, 114.0
35, 97.9
47, .8520
32, 53.9
34, 47.5
47, 17.3
102, 16.6
277, 28.2
194, 27.6
143, 30.3
217, 30.4
159, 53
68, 46.3
36, 37.6
22, 33
112, 68.1
141, 3.2
23
33, Northwestern, B10, 31, 21-10
12–8, 109.5
93, 94.5
19, .8451
33, 47.6
307, 48.4
81, 15.1
18, 21.7
29, 28.3
190, 27.4
129, 29.6
238, 30.8
169, 47
303, 46.6
41, 32.3
269, 33.9
165, 65
300, 1.9
33
34, Virginia
   vs. 39 North Carolina, ACC, 29, 23-6
15–5, 110.7
75, 95.6
28, .8436
34, 51.5
122, 48.7
90, 13.7
6, 19.8
79, 25.8
259, 24.9
38, 34.5
81, 25
26, 50.2
191, 46.8
47, 35.9
80, 34.4
205, 61.5
360, 3.4
21
35, USC
   vs. 72 Arizona St., P12, 31, 22-9
14–6, 113.1
42, 98.0
49, .8388
35, 51.4
133, 45.1
9, 18.1
167, 18.2
164, 29
160, 32.9
337, 33.5
107, 29.2
121, 51.3
127, 42.6
3, 34.4
161, 32.9
107, 68.1
144, 2.6
29
36, Florida Atlantic
   vs. 185 Western Kentucky, CUSA, 29, 28-3
18–2, 113.7
38, 98.6
59, .8369
36, 55.2
17, 47
31, 16.3
52, 18.6
137, 30.4
119, 24.3
24, 29.3
248, 27.3
69, 53.8
48, 45.2
14, 38
15, 33.6
150, 68.3
133, 3.5
19
37, Miami FL
   vs. 89 Wake Forest (won), ACC, 31, 25-6
15–5, 118.1
13, 102.4
121, .8367
37, 55
21, 51
201, 16.6
67, 18.1
171, 32.3
60, 28.9
202, 30.2
220, 23.4
12, 54.7
25, 51.7
249, 37
34, 33.2
124, 68.7
109, 3.8
16
38, Rutgers
   vs. 48 Michigan (won), B10, 32, 19-13
10–10, 104.5
182, 90.7
3, .8355
38, 47.7
304, 45.7
13, 17.3
102, 21.8
28, 31.8
75, 27.2
118, 28.8
266, 27.4
73, 47.7
281, 45.9
26, 31.8
302, 30.4
21, 66
246, -1
67
39, North Carolina
   vs. 34 Virginia, ACC, 32, 20-12
11–9, 111.6
60, 97.0
38, .8340
39, 49.4
235, 48.6
85, 15.1
18, 15
340, 30.5
113, 23.5
14, 37.1
43, 25.8
38, 50.9
153, 48.1
82, 31.2
320, 33.1
118, 69
96, -0.4
59
40, Iowa
   vs. 58 Ohio St. (lost), B10, 32, 19-13
11–9, 120.9
3, 105.2
181, .8313
40, 51.9
101, 53.3
306, 14.1
8, 18.5
145, 32.2
65, 27.6
143, 32.6
131, 23.4
12, 52.1
91, 52.6
294, 34.3
167, 36.6
315, 69.6
64, 0.1
54
41, North Carolina St.
   vs. 54 Clemson, ACC, 32, 23-9
12–8, 115.3
22, 100.5
88, .8296
41, 52.2
85, 49.5
117, 13.5
4, 19.1
116, 31.1
100, 26.6
92, 25.6
335, 34.2
256, 51.8
99, 50.5
191, 35.2
104, 31.6
56, 69.4
71, 1.4
38
42, Cincinnati, Amer, 30, 20-11
11–7, 113.4
41, 98.8
64, .8293
42, 52.2
85, 47.8
58, 15.3
25, 16.9
249, 30.5
113, 27.4
129, 25.4
339, 29.9
147, 51.2
135, 47.7
67, 35.8
85, 32.1
70, 68.4
129, -1.5
74
43, Liberty, ASun, 31, 26-8
15–3, 112.0
55, 97.8
46, .8264
43, 55.8
12, 49.5
117, 16
44, 19.4
101, 25.8
259, 20.1
1, 25.8
334, 27.8
87, 56.7
8, 47.6
66, 36.5
48, 35.1
247, 64.2
324, -1.7
78
44, Drake, MVC, 33, 27-7
15–5, 111.1
68, 97.1
41, .8251
44, 53.1
55, 47.3
40, 15.5
27, 17.7
195, 24.3
308, 22.4
4, 28.8
266, 26.7
54, 51.9
95, 47.5
63, 36.7
42, 31.2
38, 66.4
220, -0
55
45, Illinois
   vs. 51 Penn St., B10, 31, 20-11
11–9, 110.0
89, 96.3
34, .8215
45, 51.6
118, 46.5
23, 18.5
208, 18.8
126, 32.3
60, 26.6
92, 34
94, 29.3
124, 55.4
16, 44.9
12, 31
330, 33.4
139, 69.6
58, 1
44
46, Oregon
   vs. 47 Washington St., P12, 31, 18-13
12–8, 114.6
27, 100.4
85, .8207
46, 51.7
111, 48.1
73, 18.5
208, 16.7
262, 32.9
49, 26.5
84, 31.4
181, 24.5
20, 53.8
48, 46.2
32, 32.4
264, 34.2
189, 66
251, -0.6
64
47, Washington St.
   vs. 46 Oregon, P12, 32, 17-15
11–9, 111.8
59, 98.1
53, .8188
47, 50.3
195, 49.5
117, 18.6
214, 16.6
277, 32.2
65, 25.7
61, 28.2
277, 28.4
102, 46.8
307, 50.3
180, 36.6
45, 32
67, 64.1
326, -2.5
91
48, Michigan
   vs. 38 Rutgers (lost), B10, 32, 17-15
11–9, 112.2
53, 98.5
57, .8178
48, 51.2
147, 47.8
58, 14.8
12, 14.8
345, 25.4
272, 26.1
71, 30.8
205, 26.2
44, 50.8
160, 47.8
72, 34.6
150, 31.9
63, 67.5
166, -2.1
83
49, New Mexico
   vs. 27 Utah St., MWC, 31, 22-10
8–10, 116.7
19, 102.4
120, .8176
49, 53.3
47, 50.2
155, 15.6
30, 17.6
205, 28.3
190, 27.1
113, 39.6
21, 28.5
104, 52.8
73, 50.9
210, 36.3
64, 32.7
94, 71.4
21, 0.2
53
50, North Texas
   vs. 175 Louisiana Tech, CUSA, 29, 25-6
16–4, 109.2
98, 96.0
32, .8149
50, 51
163, 45.7
13, 19.7
281, 20.5
59, 33.5
32, 27.6
143, 31.8
163, 39.7
337, 49.3
224, 45.2
14, 35.7
91, 31
31, 58.1
363, 1.2
40
51, Penn St.
   vs. 45 Illinois, B10, 31, 19-12
10–10, 117.3
16, 103.1
140, .8143
51, 56.1
10, 49.9
139, 13.4
2, 13.8
360, 18
363, 24.7
35, 18.8
363, 25.7
35, 53.9
43, 48.7
103, 38.9
6, 34.6
217, 64.4
317, -0
56
52, Mississippi St.
   vs. 73 Florida (won), SEC, 32, 21-11
8–10, 104.9
173, 92.3
9, .8131
52, 47.4
316, 46
18, 19.3
256, 22.3
23, 35.3
14, 28.9
202, 34.8
73, 28.1
95, 51
146, 46.2
32, 27
363, 30.5
22, 63.8
334, 0.8
46
53, Oklahoma, B12, 32, 15-17
5–13, 110.3
83, 97.0
40, .8129
53, 52.4
78, 48
68, 20
298, 15.5
327, 23.7
320, 27.2
118, 30.1
222, 30.1
152, 52.2
86, 48.5
93, 35.1
108, 31.2
38, 65.1
293, -1.3
72
54, Clemson
   vs. 41 North Carolina St., ACC, 31, 22-9
14–6, 111.4
62, 98.4
55, .8069
54, 54.5
24, 47.4
43, 16.1
48, 16.7
262, 23.2
326, 24.5
27, 30.8
205, 31.5
190, 54
41, 45.6
19, 36.9
36, 33.4
139, 68.1
140, -0.5
62
55, Texas Tech, B12, 32, 16-16
5–13, 111.4
63, 98.4
56, .8060
55, 52.3
82, 48.9
95, 19.9
289, 19.9
77, 32.1
70, 30.1
255, 34.8
73, 28.4
102, 52.6
77, 49.1
130, 34.5
153, 32.4
82, 67.3
170, -2.2
84
56, UAB
   vs. 228 Rice, CUSA, 30, 23-8
14–6, 112.9
45, 99.8
77, .8042
56, 51.1
157, 47.6
48, 17.7
140, 19.3
105, 36.9
6, 29.1
214, 36.5
52, 30.9
173, 49.2
230, 46.8
47, 36.9
36, 32.7
94, 70.8
30, -1.1
69
57, Providence
   vs. 5 Connecticut (lost), BE, 32, 21-11
13–7, 116.2
20, 102.7
125, .8040
57, 51.5
122, 50
145, 16.9
78, 16.9
249, 35.2
15, 26.7
96, 36.8
48, 25.5
31, 50.9
153, 49.6
156, 35.1
108, 33.9
165, 67
190, 1
45
58, Ohio St.
   vs. 40 Iowa (won), B10, 33, 15-18
5–15, 115.3
23, 102.0
112, .8035
58, 52
92, 48.9
95, 16.4
59, 16.1
300, 32.1
70, 28.4
181, 26.6
324, 27.6
76, 51
146, 49.4
148, 36.1
70, 32.1
70, 66.2
234, -3.5
108
59, Nevada
   vs. 98 San Jose St. (lost), MWC, 31, 22-10
12–6, 110.5
78, 97.9
48, .8011
59, 50.5
186, 49
99, 15.2
24, 18.7
131, 22.9
332, 25.1
41, 39.5
22, 31.4
186, 50.3
188, 49.3
144, 33.8
181, 32.5
85, 66
249, 1.4
39
60, Sam Houston St.
   vs. 152 Cal Baptist (won), WAC, 27, 25-6
14–4, 104.9
171, 93.3
11, .7946
60, 51
163, 47.6
48, 20.5
317, 23.5
12, 30.9
103, 25.5
55, 32.9
123, 39
328, 46.7
311, 46.7
43, 38.9
6, 32.4
82, 64.5
315, 1.2
41
61, Missouri, SEC, 31, 23-8
11–7, 118.9
11, 105.8
194, .7930
61, 55.5
14, 52.2
274, 16.3
52, 24.5
5, 27.5
214, 37.8
363, 30.3
217, 36
290, 56.4
10, 51.3
231, 36.2
67, 35.5
269, 69.5
68, 3.4
20
62, Villanova
   vs. 13 Creighton, BE, 32, 17-15
10–10, 112.8
48, 100.4
84, .7925
62, 51.9
101, 50.5
172, 15.8
38, 17.4
221, 22.9
332, 25.7
61, 31.1
194, 27.1
64, 53.3
64, 51
214, 33.7
187, 33.2
124, 63.4
341, -2.1
82
63, Seton Hall, BE, 31, 17-15
10–10, 106.4
143, 94.7
21, .7923
63, 49.4
235, 47.6
48, 20.4
313, 21.3
36, 30.8
107, 30.3
266, 40.5
16, 31
176, 49.2
230, 48.2
84, 33.2
217, 31
31, 66.5
215, -2.4
87
64, Dayton
   vs. 179 Saint Joseph's (won), A10, 32, 21-11
12–6, 109.5
94, 97.5
44, .7919
64, 53.2
51, 44.5
5, 19.1
241, 16.4
290, 30.2
126, 26.7
96, 35.5
64, 23.6
15, 53.9
43, 45.4
17, 34.7
146, 28.7
4, 62.9
350, -3.7
111
65, UCF
   vs. 160 SMU (won), Amer, 31, 18-13
8–10, 109.4
97, 97.6
45, .7883
65, 50.6
183, 48
68, 19.3
256, 21.9
27, 33.6
30, 31.3
304, 29.9
228, 33.4
236, 48.1
266, 49
120, 36.1
70, 30.9
26, 64.3
322, -3.1
97
66, VCU
   vs. 129 Davidson (won), A10, 32, 25-7
15–3, 105.3
161, 94.0
16, .7854
66, 51.8
106, 47
31, 19.9
289, 24.5
5, 28.7
172, 29.6
235, 42.1
9, 30.3
156, 52.2
86, 46.1
28, 33.9
177, 32.5
85, 68.2
134, 0.4
52
67, Iona, MAAC, 32, 25-7
17–3, 110.4
80, 98.7
60, .7843
67, 51.8
106, 46.1
19, 15.1
18, 20.7
55, 31.6
83, 30.3
266, 28.4
273, 31.5
190, 50.9
153, 47.2
53, 35.9
80, 29.3
8, 68.9
98, -1.5
73
68, Colorado
   vs. 4 UCLA (lost), P12, 33, 17-16
8–12, 106.1
149, 94.8
24, .7842
68, 49
254, 47.7
55, 19.2
250, 19.6
91, 31.3
93, 25.3
46, 30.3
217, 32.2
216, 49.6
213, 47.7
67, 31.9
292, 31.8
59, 69.2
78, -3.3
101
69, Utah, P12, 32, 17-15
10–10, 107.6
124, 96.2
33, .7835
69, 48.9
262, 45
8, 18
161, 15.2
336, 31.3
93, 27.4
129, 29.2
252, 24.4
18, 48.4
254, 44.9
12, 33.3
207, 30.2
18, 66.1
239, -3.3
100
70, Oral Roberts, Sum, 30, 30-4
18–0, 113.9
36, 101.9
111, .7822
70, 56.1
10, 48.5
82, 13.2
1, 17.6
205, 24.5
300, 27.4
129, 24.6
345, 22
6, 56.6
9, 46.6
41, 37
34, 34.2
189, 70.5
36, 2
32
71, College of Charleston, CAA, 33, 31-3
16–2, 110.7
72, 99.2
70, .7797
71, 51.5
122, 47.9
63, 16.7
69, 19.3
105, 35.1
17, 25.5
55, 32.7
130, 24.7
23, 52.9
72, 49.1
130, 33.3
207, 30.3
19, 71.1
23, 1.8
34
72, Arizona St.
   vs. 35 USC, P12, 32, 21-11
11–9, 106.5
139, 95.8
29, .7728
72, 47.8
301, 45.7
13, 17.1
86, 20.6
57, 29.6
150, 31.8
317, 30.5
215, 33.3
233, 48.5
252, 43.3
5, 31.1
324, 33
112, 68.5
121, 1.1
42
73, Florida
   vs. 52 Mississippi St. (lost), SEC, 32, 16-16
9–9, 106.9
133, 96.5
35, .7647
73, 49.8
218, 45.9
16, 15.7
34, 17.6
205, 23.5
322, 30.5
276, 35.1
67, 29.8
144, 50.9
153, 45.4
17, 31.9
292, 31.4
46, 69.5
69, -2.7
93
74, BYU, WCC, 32, 19-15
7–9, 109.1
101, 98.5
58, .7642
74, 51.5
122, 49.5
117, 20.2
305, 18.5
145, 31.8
75, 24.1
20, 32.5
133, 37.8
312, 53.1
67, 48.8
108, 32.7
245, 33.7
152, 69.6
59, -4.1
117
75, Utah Valley
   vs. 124 Tarleton St., WAC, 28, 24-7
15–3, 106.2
147, 95.9
31, .7638
75, 50.9
167, 44.1
4, 19.1
241, 16.8
256, 28.9
164, 29.3
221, 36.4
56, 29.1
120, 52.2
86, 42.4
2, 32.3
269, 31.5
51, 69.8
51, 0.5
51
76, Santa Clara, WCC, 31, 23-9
11–5, 111.6
61, 100.8
93, .7633
76, 52.5
75, 50.8
192, 17.1
86, 16.5
285, 30.2
126, 24.5
27, 30.9
202, 25.8
38, 50.5
174, 48.6
98, 37.4
27, 36.2
293, 70
44, 0.6
49
77, Wisconsin, B10, 31, 17-14
9–11, 105.9
154, 95.8
30, .7597
77, 48.5
280, 50.3
162, 13.5
4, 18.6
137, 22.4
340, 25.4
51, 24.1
350, 28
91, 45.8
329, 51.3
231, 35
122, 32.3
79, 62.9
351, -0.6
65
78, Vanderbilt
   vs. 146 LSU, SEC, 31, 18-13
11–7, 115.8
21, 104.8
174, .7592
78, 49.4
235, 49.1
101, 15.8
38, 14.9
341, 31.4
89, 30.6
282, 31.6
169, 31.3
183, 48.3
262, 50.4
186, 34
176, 31.3
43, 66.2
229, -0.4
58
79, Yale, Ivy, 25, 20-7
10–4, 109.5
95, 99.4
72, .7525
79, 53.2
51, 47.2
37, 16.4
59, 18.8
126, 28.4
187, 22.6
7, 30.6
213, 33.6
242, 53.6
55, 46
27, 35
122, 32.7
94, 66.1
243, -1.6
76
80, Virginia Tech, ACC, 33, 19-14
8–12, 114.1
34, 103.7
150, .7504
80, 54.2
28, 50.6
179, 14.8
12, 16.3
295, 26.1
251, 27.4
129, 26.4
327, 24.9
25, 54.1
39, 50.4
186, 36.2
67, 34.1
177, 66.6
214, -3.4
104
81, Kent St.
   vs. 242 Northern Illinois (won), MAC, 30, 26-6
15–3, 107.0
129, 97.4
42, .7480
81, 51.1
157, 47
31, 16.6
67, 22.8
18, 30.5
113, 30.2
261, 31.6
169, 38.8
324, 52.3
84, 47.2
53, 32.9
229, 31.1
35, 68
147, 0.5
50
82, Stanford
   vs. 9 Arizona, P12, 32, 14-18
7–13, 114.2
31, 104.0
153, .7474
82, 52.1
89, 50.9
197, 18.8
230, 18.4
150, 31.4
89, 26.5
84, 29.4
243, 28.6
109, 51.1
139, 49.6
156, 35.8
85, 35.1
247, 65.7
267, -6.1
146
83, Toledo
   vs. 268 Miami OH (won), MAC, 31, 26-6
16–2, 120.5
6, 109.7
278, .7472
83, 56.8
3, 52.3
278, 13.8
7, 18.2
164, 30
135, 30.1
255, 34.5
81, 27.6
76, 54.5
32, 51.8
258, 40.7
2, 35.4
264, 69.6
62, -0.5
61
84, Wichita St.
   vs. 292 Tulsa, Amer, 30, 16-14
9–9, 108.6
109, 99.1
67, .7424
84, 50.7
179, 47.2
37, 18.6
214, 17
246, 29.1
159, 28.6
188, 31.4
181, 25.6
33, 53.7
54, 45.2
14, 30.5
340, 33.4
139, 66.1
242, -4.5
120
85, Hofstra, CAA, 32, 24-9
16–2, 109.8
91, 100.1
80, .7421
85, 55.2
17, 46.2
20, 15.7
34, 18.5
145, 23
330, 31.3
304, 21.4
361, 25.2
28, 55.2
18, 46.1
28, 36.8
41, 30.9
26, 67.3
173, -2.2
85
86, Bradley, MVC, 33, 25-9
16–4, 107.4
126, 98.0
52, .7414
86, 52.9
63, 46.6
24, 17.9
152, 19.4
101, 29.2
157, 24
18, 27
318, 31.6
192, 52.7
74, 45.6
19, 35.5
101, 32.2
75, 65.2
289, -0.8
66
87, Pittsburgh
   vs. 23 Duke (lost), ACC, 33, 22-11
14–6, 114.2
32, 104.5
163, .7370
87, 53.2
51, 49.2
109, 16.4
59, 16.7
262, 30.4
119, 28.2
172, 32.4
139, 30.6
163, 52.7
74, 48.6
98, 36
75, 33.4
139, 67.3
172, -0.6
63
88, Louisiana Lafayette, SB, 30, 26-7
13–5, 112.8
47, 103.3
141, .7350
88, 53
59, 50.6
179, 17.5
120, 18.1
171, 33.8
26, 26.4
83, 37.7
37, 33.8
248, 52.2
86, 49.2
138, 36.6
45, 35.9
285, 68.5
123, -0.3
57
89, Wake Forest
   vs. 37 Miami FL (lost), ACC, 33, 19-14
10–10, 112.5
51, 103.0
134, .7327
89, 54.2
28, 51.6
239, 17.1
86, 17.3
225, 24.8
295, 26.6
92, 32.1
151, 26.7
54, 54
41, 51
214, 36.4
56, 35
242, 69.5
66, -3.3
99
90, St. John's
   vs. 16 Marquette (lost), BE, 33, 18-15
7–13, 108.0
120, 99.1
68, .7290
90, 49.4
235, 50.2
155, 18.7
220, 19.7
84, 34
25, 27.6
143, 27.7
296, 29.6
137, 49.3
224, 49.2
138, 33.1
221, 34.5
213, 73.4
1, -2.9
96
91, Marshall, SB, 31, 24-8
13–5, 110.5
76, 101.5
102, .7275
91, 52.6
71, 47.7
55, 15.5
27, 20.1
72, 31.7
79, 32.6
328, 26.2
328, 28
91, 53.9
43, 47.7
67, 33.6
190, 31.9
63, 72.1
14, -2.4
88
92, UNLV
   vs. 31 Boise St., MWC, 30, 19-12
7–11, 107.5
125, 98.8
62, .7256
92, 49
254, 52
267, 17.5
120, 25
3, 27.9
203, 31.1
300, 36.4
56, 30.9
173, 48
272, 50.7
204, 33.6
190, 35.7
276, 69.7
56, -2
81
93, Indiana St., MVC, 33, 22-12
13–7, 110.7
73, 101.8
109, .7246
93, 56.4
6, 48.2
74, 16.7
69, 17.5
215, 21.7
343, 22.7
9, 31.9
158, 31.4
186, 58.8
4, 48.5
93, 35.7
91, 31.8
59, 70.8
31, -6.3
151
94, South Alabama, SB, 33, 19-16
9–9, 108.8
106, 100.2
81, .7212
94, 52.8
66, 46.6
24, 14.6
10, 16.1
300, 20.9
349, 28.4
181, 22.3
360, 28.3
100, 53.4
59, 47.9
74, 34.5
153, 29
7, 65.5
275, -7.7
172
95, Furman, SC, 31, 27-7
15–3, 114.3
29, 105.3
184, .7183
95, 55.6
13, 50.6
179, 15.8
38, 18.4
150, 29.6
150, 27.1
113, 34.7
78, 31.8
201, 59.1
2, 51.2
227, 34.4
161, 33.1
118, 68.4
126, -1.8
80
96, UC Irvine
   vs. 295 Cal St. Bakersfield (won), BW, 31, 23-10
15–5, 107.0
130, 98.8
63, .7152
96, 52
92, 45.2
10, 17.5
120, 17.5
215, 26.9
231, 26.2
76, 29.4
243, 36.2
292, 49.9
201, 44.3
8, 37.7
21, 31.4
46, 69.3
74, -3.4
103
97, Saint Louis
   vs. 159 George Mason (won), A10, 31, 21-11
12–6, 111.3
64, 103.3
142, .7030
97, 52
92, 47.8
58, 17.2
94, 15.3
334, 29.9
139, 26.3
80, 29.1
257, 32.6
221, 51.8
99, 46.1
28, 34.9
132, 33.7
152, 69
92, -2.5
90
98, San Jose St.
   vs. 59 Nevada (won), MWC, 31, 20-12
10–8, 110.7
74, 102.7
126, .7025
98, 50.7
179, 48.7
90, 18.7
220, 13.2
362, 34.3
23, 24.3
24, 27.7
296, 28.8
112, 51.6
113, 46.9
50, 33
223, 34.6
217, 62.7
352, -1
68
99, Tulane, Amer, 29, 19-10
12–6, 110.5
77, 102.8
128, .6960
99, 53.2
51, 50.5
172, 14.9
15, 19.7
84, 18.7
361, 30.3
266, 35.5
64, 29.7
142, 54.3
35, 48.9
113, 34.3
167, 35.2
249, 73
4, -1.8
79
100, Temple, Amer, 31, 16-15
10–8, 108.5
111, 101.1
97, .6945
100, 50.1
208, 48.6
85, 19.8
284, 16.7
262, 28.6
178, 28.9
202, 35.1
67, 32.1
211, 50.4
181, 47.9
74, 33.2
217, 33.3
134, 66.1
245, -4.9
125
101, Montana St., BSky, 32, 25-9
15–3, 106.1
150, 98.9
65, .6921
101, 50.9
167, 49.4
114, 17.6
133, 20.1
72, 25.7
267, 25.5
55, 44.4
5, 35.5
283, 52.4
80, 48
76, 32
286, 34.8
230, 66.3
224, -2.5
92
102, San Francisco, WCC, 33, 20-14
7–9, 110.2
84, 102.8
127, .6915
102, 53.6
42, 49.9
139, 19.6
273, 17.6
205, 28.5
182, 26.5
84, 32.2
143, 38.1
316, 52.6
77, 49.4
148, 36.4
56, 33.8
159, 68.7
111, -3.2
98
103, Vermont, AE, 31, 22-10
14–2, 111.0
70, 103.5
146, .6905
103, 55
21, 51
201, 14.4
9, 16.7
262, 19.5
358, 22.2
3, 28
287, 26.5
49, 55.4
16, 50.1
173, 36.4
56, 35
242, 64.7
308, -3.7
112
104, Southern Miss, SB, 29, 25-7
14–4, 107.6
123, 100.9
96, .6780
104, 51.2
147, 47.6
48, 17.5
120, 19.7
84, 30.9
103, 28.7
193, 32.8
126, 30.4
159, 52.4
80, 47.2
53, 32.7
245, 32.2
75, 68.4
125, -0.5
60
105, Nebraska, B10, 32, 16-16
9–11, 106.3
145, 99.8
76, .6719
105, 51.7
111, 49.9
139, 18.6
214, 17.7
195, 24.7
296, 28.3
177, 28.2
277, 21.9
5, 53.4
59, 49
120, 32.6
254, 34.1
177, 66.8
199, -2.2
86
106, Colorado St.
   vs. 10 San Diego St. (lost), MWC, 32, 15-18
6–12, 111.9
57, 105.2
180, .6702
106, 54.8
23, 52.2
274, 16.7
69, 17.9
180, 19.6
355, 27.1
113, 29.8
233, 29.6
137, 55.8
14, 51
214, 35.5
101, 35.8
279, 66.3
227, -6
143
107, UNC Greensboro, SC, 30, 20-12
14–4, 104.0
195, 98.0
50, .6642
107, 50.6
183, 47.8
58, 17.8
144, 19.3
105, 29.2
157, 26.5
84, 32.4
139, 31.4
186, 49.3
224, 46.8
47, 35.1
108, 32.8
100, 65.8
260, -5.9
141
108, Colgate, Pat, 33, 26-8
17–1, 113.0
44, 106.5
205, .6639
108, 58.6
1, 51.9
258, 14.9
15, 17.6
205, 24.9
290, 24.1
20, 27.6
300, 20.3
3, 57.1
7, 51.5
239, 40.9
1, 34.9
234, 67.7
156, -3.4
102
109, Akron
   vs. 182 Buffalo, MAC, 29, 21-10
13–5, 108.9
103, 103.0
135, .6533
109, 51.2
147, 50.1
149, 16.3
52, 18.1
171, 30
135, 26
68, 33.8
99, 27.1
64, 50.9
153, 48.4
88, 34.5
153, 35.4
264, 64.9
302, -4
116
110, Southern Utah
   vs. 140 Utah Tech, WAC, 27, 20-11
12–6, 110.0
88, 104.1
159, .6520
110, 52.1
89, 51.3
221, 19.2
250, 17.8
187, 28.2
194, 25.3
46, 41.4
11, 32.8
226, 51.8
99, 50.5
191, 35.1
108, 35.2
249, 71.9
16, -3.5
106
111, Cal St. Fullerton
   vs. 131 Hawaii, BW, 28, 18-12
12–6, 104.6
181, 99.1
69, .6491
111, 49.6
223, 48.3
78, 17.8
144, 20.6
57, 26.1
251, 29.9
242, 39
24, 32.4
218, 46.4
318, 49.6
156, 36.4
56, 30.9
26, 64.6
311, -5.4
131
112, Duquesne, A10, 32, 20-12
10–8, 108.5
112, 102.9
130, .6487
112, 51
163, 50.2
155, 17.2
94, 20.9
49, 33.4
36, 33.2
340, 26.6
324, 35.1
273, 48.6
248, 48.8
108, 36.5
48, 35.3
258, 68.1
143, -5.7
135
113, Washington, P12, 32, 16-16
8–12, 104.8
178, 99.5
73, .6456
113, 48.8
265, 47.1
35, 19.9
289, 18.4
150, 26.4
246, 34.6
356, 31.7
166, 25.4
29, 50
193, 48.6
98, 31.3
319, 29.7
13, 69.1
83, -3.7
113
114, James Madison, SB, 30, 22-11
12–6, 106.0
153, 100.8
94, .6403
114, 51.5
122, 49.4
114, 18.6
214, 21.4
33, 31.3
93, 27.6
143, 38.9
25, 31.8
201, 51.4
119, 50.7
204, 34.5
153, 31.5
51, 70.5
37, -4.4
119
115, Mississippi
   vs. 3 Tennessee (lost), SEC, 33, 12-21
3–15, 106.9
134, 101.7
107, .6398
115, 47.5
312, 49.5
117, 18.3
190, 18
174, 33.3
38, 29.9
242, 29.2
252, 30.3
156, 48.6
248, 48.9
113, 30.3
343, 33.8
159, 66
248, -8.2
179
116, Princeton, Ivy, 25, 19-8
10–4, 108.2
114, 103.1
138, .6370
116, 52.6
71, 47.8
58, 17.3
102, 14.5
349, 27.8
207, 22.8
10, 31.8
163, 29.4
128, 54.2
37, 47.2
53, 33.6
190, 32.6
91, 67.7
157, -3.4
105
117, Kennesaw St., ASun, 31, 26-8
15–3, 106.8
135, 101.8
110, .6341
117, 52.9
63, 51.2
212, 17.9
152, 19.6
91, 27.5
214, 25.8
66, 36.5
52, 36.2
292, 51.3
127, 50.5
191, 37.1
33, 34.8
230, 68.5
119, -1.2
70
118, UC Santa Barbara
   vs. 302 Cal Poly, BW, 29, 24-7
15–5, 111.0
69, 106.1
201, .6266
118, 54.2
28, 49.8
131, 17.5
120, 18.8
126, 28
201, 26.1
71, 33.3
112, 28.5
104, 55.1
20, 48.5
93, 34.7
146, 35.2
249, 64.3
320, -1.6
75
119, UMass Lowell, AE, 31, 26-7
11–5, 108.8
105, 104.2
162, .6228
119, 53.9
34, 46.8
28, 20.1
301, 20.1
72, 35.9
10, 27.4
129, 33.6
104, 33.7
246, 52.3
84, 44.6
9, 38.2
14, 34.4
205, 68.7
112, -3.5
107
120, Penn, Ivy, 28, 17-12
9–5, 110.1
87, 105.4
185, .6225
120, 53.4
46, 49.1
101, 19
237, 14.9
341, 30.2
126, 27.6
143, 29.9
228, 31.3
183, 53
68, 49
120, 36
75, 32.8
100, 67
189, -5.4
130
121, Belmont, MVC, 31, 21-11
14–6, 111.2
66, 106.7
211, .6168
121, 55.3
16, 51.1
207, 16.8
75, 17.7
195, 25.4
272, 30
252, 24.3
347, 29.3
124, 53.2
66, 49.8
165, 38.9
6, 35.6
273, 68.4
127, -4.5
121
122, Charlotte
   vs. 128 Middle Tennessee, CUSA, 31, 18-13
9–11, 107.0
131, 102.7
124, .6162
122, 54.5
24, 50.1
149, 17.2
94, 17.8
187, 23.1
329, 23.7
15, 24.8
343, 25.5
31, 53.3
64, 49.1
130, 37.5
24, 34.4
205, 60.5
362, -6
144
123, Loyola Marymount, WCC, 30, 19-12
9–7, 108.8
104, 104.6
166, .6125
123, 53.1
55, 51.8
249, 18.3
190, 16.2
298, 30.2
126, 24.6
30, 31.6
169, 34.9
268, 51.9
95, 52
271, 36.5
48, 34.3
198, 67.2
178, -2.5
89
124, Tarleton St.
   vs. 75 Utah Valley, WAC, 28, 17-15
8–9, 105.1
164, 101.2
100, .6076
124, 47.9
298, 52.8
295, 18.1
167, 23.9
8, 25.7
267, 29.9
242, 48.6
1, 47.2
361, 46.9
305, 51.8
258, 33.8
181, 36.1
289, 66.6
211, -6.9
160
125, Towson, CAA, 33, 21-12
12–6, 108.5
110, 104.7
170, .6023
125, 51.1
157, 48.6
85, 18.4
203, 17.7
195, 35.7
13, 26.7
96, 29.8
233, 29.5
133, 49
240, 47.7
67, 36.7
42, 33.2
124, 64.7
309, -5.8
136
126, Fresno St., MWC, 30, 11-20
6–12, 104.2
188, 100.7
92, .5959
126, 49.3
242, 51.2
212, 18.1
167, 19.7
84, 24.9
290, 28.2
172, 24.3
347, 32.1
211, 51.1
139, 48.3
87, 31.1
324, 37.3
338, 64.1
327, -9.5
206
127, Grand Canyon
   vs. 162 Seattle, WAC, 29, 21-11
10–7, 110.3
82, 106.6
208, .5950
127, 51.5
122, 47.2
37, 18.7
220, 15.6
321, 31.5
88, 30.7
287, 37.6
38, 32
208, 50
193, 46.7
43, 35.9
80, 32.3
79, 65
298, -4.3
118
128, Middle Tennessee
   vs. 122 Charlotte, CUSA, 29, 18-13
11–9, 105.4
159, 102.2
115, .5887
128, 51.4
133, 51.2
212, 19.7
281, 22
24, 31.8
75, 29.7
236, 29.9
228, 34.8
264, 51.3
127, 49.8
165, 34.5
153, 36
286, 67.2
179, -5.4
129
129, Davidson
   vs. 66 VCU (lost), A10, 31, 16-16
8–10, 107.9
121, 104.7
171, .5863
129, 50.1
208, 50.8
192, 16.2
49, 17.3
225, 24.9
290, 27.8
152, 32.8
126, 26.7
54, 51.3
127, 51.5
239, 31.9
292, 33
112, 65.2
285, -8.2
178
130, Eastern Washington, BSky, 31, 22-10
16–2, 111.2
65, 107.9
243, .5857
130, 56.5
4, 49.9
139, 19.9
289, 15.9
309, 28.1
199, 25.9
67, 32.1
151, 29.6
137, 58.8
4, 50.7
204, 35.7
91, 32.5
85, 68.5
120, -3.8
114
131, Hawaii
   vs. 111 Cal St. Fullerton, BW, 31, 22-10
13–7, 101.9
238, 99.2
71, .5763
131, 48.7
269, 44.7
6, 18.3
190, 16.8
256, 29.6
150, 26.5
84, 33.7
102, 27.2
68, 48.4
254, 44.7
10, 32.8
239, 29.7
13, 64.7
310, -4.6
122
132, Air Force, MWC, 32, 14-18
5–13, 106.4
142, 103.7
149, .5756
132, 54.2
28, 49.3
111, 19
237, 17.1
237, 22.3
341, 28.6
188, 31.2
189, 35.2
274, 54.8
23, 51.9
265, 35.6
97, 29.3
8, 63.1
345, -8.8
190
133, Syracuse, ACC, 32, 17-15
10–10, 109.5
96, 106.6
209, .5744
133, 51.6
118, 51.2
212, 17
83, 18.7
131, 30
135, 33.6
346, 30.7
209, 21.7
4, 50.5
174, 50.9
210, 36.1
70, 34.4
205, 67.3
174, -5.9
140
134, Butler, BE, 32, 14-18
6–14, 100.7
269, 98.2
54, .5735
134, 49.5
227, 50.1
149, 17.6
133, 18.6
137, 20
354, 30.3
266, 25.9
333, 22.6
8, 49.7
209, 51
214, 32.7
245, 32.1
70, 65.7
268, -4.7
123
135, Stephen F. Austin, WAC, 29, 19-13
11–7, 105.0
166, 102.4
119, .5727
135, 51.5
122, 51.4
227, 21.3
337, 23.8
9, 31.6
83, 32.2
322, 38.9
25, 41.8
346, 49.2
230, 51.7
249, 38
15, 34
172, 69.2
80, -6.7
156
136, South Florida
   vs. 195 East Carolina (lost), Amer, 32, 14-18
7–11, 106.3
144, 103.7
151, .5700
136, 50.8
175, 49.8
131, 19.6
273, 18.7
131, 33
47, 27.8
152, 30.7
209, 37.1
304, 51
146, 48.2
84, 33.6
190, 34.9
234, 68.4
131, -9
192
137, Ohio
   vs. 171 Ball St. (won), MAC, 31, 19-13
10–8, 110.9
71, 108.3
252, .5682
137, 52.6
71, 51.4
227, 15.9
42, 17.6
205, 32.3
60, 29.2
218, 27.7
296, 33.7
246, 50.4
181, 51.6
243, 37.5
24, 34.1
177, 68.1
138, -6.7
155
138, Southern Illinois, MVC, 32, 23-10
14–6, 101.0
261, 98.7
61, .5641
138, 51.7
111, 47.6
48, 19.3
256, 19.6
91, 22.8
336, 27.3
123, 30.6
213, 29.8
144, 54.6
29, 46.7
43, 32.2
275, 33
112, 63.8
335, -2.9
95
139, Samford, SC, 28, 21-11
15–3, 108.8
107, 106.4
204, .5617
139, 53.6
42, 51.9
258, 17.9
152, 19.8
79, 28.2
194, 27
110, 41
14, 37.6
310, 52.6
77, 49
120, 36.5
48, 37
330, 68
150, -5.8
139
140, Utah Tech
   vs. 110 Southern Utah, WAC, 29, 14-18
5–13, 108.2
116, 105.9
196, .5610
140, 52.8
66, 53.9
322, 21.3
337, 20.2
69, 28.7
172, 27
110, 45.5
4, 34.7
262, 50.4
181, 52.8
304, 37.5
24, 37.1
333, 68.9
99, -10
222
141, Wyoming, MWC, 30, 9-22
4–14, 107.9
122, 105.8
193, .5577
141, 51.6
118, 53.4
312, 18.2
180, 16.4
290, 24.2
311, 25.3
46, 33.4
110, 28.9
114, 51.3
127, 52.6
294, 34.7
146, 36.4
304, 65.6
272, -10.9
239
142, Missouri St., MVC, 31, 17-15
12–8, 104.9
175, 102.9
129, .5548
142, 50.1
208, 49.3
111, 19.1
241, 18.6
137, 33.2
44, 26.9
107, 27.2
312, 30.4
159, 50.9
153, 49.5
154, 32.8
239, 32.6
91, 62
357, -7.5
168
143, Eastern Kentucky, ASun, 30, 20-13
12–6, 103.9
197, 102.1
113, .5519
143, 47.6
307, 49.5
117, 17.2
94, 18.4
150, 33.3
38, 30.1
255, 24.8
343, 25.7
35, 47.8
277, 48.5
93, 31.5
308, 34.1
177, 70.2
39, -6.1
147
144, Notre Dame, ACC, 32, 11-21
3–17, 109.0
102, 107.2
222, .5471
144, 52
92, 52.1
271, 13.4
2, 13.6
361, 19.6
355, 26.5
84, 23.3
356, 26.5
49, 50.6
171, 52.4
287, 35.8
85, 34.3
198, 64.8
307, -11.8
254
145, Long Beach St., BW, 31, 17-16
11–9, 105.8
155, 104.2
161, .5444
145, 48.4
286, 49.8
131, 18.7
220, 18.2
164, 34.6
19, 28
164, 34.4
85, 30
149, 49.4
221, 48.8
108, 30.2
344, 34.2
189, 73.1
3, -8.4
185
146, LSU
   vs. 78 Vanderbilt, SEC, 32, 14-18
2–16, 106.5
140, 105.0
177, .5405
146, 47.7
304, 51.8
249, 18.6
214, 17.5
215, 31.4
89, 28.6
188, 33.8
99, 29.6
137, 46.6
312, 51.9
265, 33
223, 34.5
213, 65.7
265, -6.3
149
147, Appalachian St., SB, 29, 16-16
9–9, 102.1
234, 100.7
91, .5389
147, 48.7
269, 47.9
63, 16.3
52, 17.1
237, 24.5
300, 28.8
199, 29.3
248, 24.8
24, 48.3
262, 46.5
38, 32.9
229, 33.4
139, 65.1
290, -9.9
217
148, Troy, SB, 30, 20-13
11–7, 103.1
218, 101.8
108, .5366
148, 49.4
235, 48.6
85, 18.7
220, 21.1
40, 30.3
122, 30.1
255, 32.5
133, 34.6
258, 51.2
135, 48.4
88, 31.2
320, 32.7
94, 67.8
154, -5.8
138
149, Portland, WCC, 31, 14-19
5–11, 110.5
79, 109.1
266, .5364
149, 53.8
37, 54.5
337, 18
161, 16.9
249, 24.1
314, 30.2
261, 43.3
6, 27.7
80, 51.8
99, 53.2
310, 37.4
27, 37.4
339, 69.3
76, -8.9
191
150, UC Davis
   vs. 173 UC Riverside, BW, 29, 18-13
11–8, 105.3
160, 104.1
155, .5345
150, 50.3
195, 50.5
172, 20.4
313, 20.8
54, 32.3
60, 29
209, 43
7, 32
208, 49.7
209, 48.6
98, 34.3
167, 36.6
315, 70.7
32, -7.3
165
151, Fordham
   vs. 206 La Salle, A10, 31, 24-7
12–6, 101.8
243, 100.7
90, .5315
151, 48.3
288, 46.6
24, 19.3
256, 19.5
96, 30
135, 25.4
51, 37.9
35, 38
315, 48.7
245, 45.8
24, 31.9
292, 32.4
82, 69.7
55, -1.3
71
152, Cal Baptist
   vs. 60 Sam Houston St. (lost), WAC, 31, 17-16
7–10, 103.8
202, 102.7
123, .5310
152, 49
254, 47.6
48, 18.1
167, 16
304, 28.9
164, 26.1
71, 31.6
169, 29.3
124, 49.2
230, 49
120, 32.5
260, 29.7
13, 64.1
329, -9.6
207
153, Georgia Tech, ACC, 31, 15-18
6–14, 104.2
187, 103.3
143, .5269
153, 48.5
280, 50.1
149, 15.6
30, 15.9
309, 27.5
214, 29.9
242, 23.5
355, 30.8
169, 47.4
290, 52
271, 33.4
204, 31
31, 66.5
216, -8.3
181
154, Youngstown St., Horz, 31, 24-9
15–5, 111.2
67, 110.2
289, .5260
154, 55.1
19, 51.7
244, 15.7
34, 18
174, 30.8
107, 28.6
188, 29.6
238, 26.4
47, 55.2
18, 51.7
249, 36.5
48, 34.5
213, 68.1
137, -5.1
127
155, Georgia, SEC, 32, 16-16
6–12, 104.4
186, 103.4
144, .5253
155, 47.1
322, 49.8
131, 19.3
256, 16.8
256, 30.5
113, 30.5
276, 40.5
16, 28.9
114, 46.8
307, 51
214, 31.7
305, 31.9
63, 67.6
162, -5.3
128
156, Cornell, Ivy, 25, 17-10
7–7, 111.8
58, 110.9
298, .5250
156, 55.4
15, 55.7
355, 16.7
69, 22
24, 28.8
169, 29.2
218, 28.9
262, 30.6
163, 58.4
6, 57.3
359, 34.9
132, 35.5
269, 71.1
27, -4.8
124
157, Northern Kentucky, Horz, 32, 22-12
14–6, 103.5
208, 102.6
122, .5243
157, 49.8
218, 51.3
221, 17.5
120, 23.2
14, 31.3
93, 32.8
333, 27.4
307, 30.8
169, 47.7
281, 48.9
113, 35.2
104, 36.7
318, 61.9
359, -6.5
153
158, DePaul
   vs. 18 Xavier, BE, 32, 10-22
3–17, 106.0
151, 105.2
179, .5224
158, 49.1
253, 51.4
227, 18.2
180, 17.9
180, 25.8
259, 34
351, 28
287, 35.5
283, 45.7
332, 51.1
222, 36.5
48, 34.7
226, 68.8
101, -8.6
188
159, George Mason
   vs. 97 Saint Louis (lost), A10, 33, 20-13
11–7, 101.7
244, 101.1
98, .5160
159, 51.9
101, 47.9
63, 20.2
305, 16.9
249, 27.9
203, 24.8
36, 37.1
43, 33
230, 51.5
115, 49.4
148, 35
122, 30.1
17, 66.4
223, -5.7
134
160, SMU
   vs. 65 UCF (lost), Amer, 32, 10-22
5–13, 103.7
206, 103.1
139, .5160
160, 47.4
316, 51.8
249, 18
161, 18.7
131, 28.1
199, 30.5
276, 33
119, 32.8
226, 47.8
277, 51.4
234, 31.1
324, 34.9
234, 69.4
70, -10.2
226
161, Grambling St., SWAC, 29, 23-8
15–3, 100.4
273, 99.9
79, .5155
161, 50.3
195, 44.9
7, 21.4
341, 21
44, 31.6
83, 30.9
293, 41.1
13, 40.5
341, 48.7
245, 43.9
6, 36.3
64, 31.1
35, 66.1
238, -3.7
110
162, Seattle
   vs. 127 Grand Canyon, WAC, 29, 20-11
11–7, 100.2
276, 99.6
75, .5151
162, 46.3
335, 48.3
78, 17
83, 17.8
187, 29.9
139, 26.8
105, 31.7
166, 32.8
226, 46.1
323, 48.5
93, 31
330, 32
67, 68.8
103, -4
115
163, Pacific, WCC, 31, 15-18
7–9, 108.1
118, 107.5
228, .5148
163, 52.6
71, 54
325, 16.2
49, 17.9
180, 22.9
332, 31.2
302, 33.1
116, 36.4
294, 49.6
213, 55.1
346, 38.3
13, 34.9
234, 69.8
53, -9.8
213
164, Montana, BSky, 30, 17-14
10–7, 108.4
113, 107.9
244, .5143
164, 53.8
37, 51.2
212, 17.3
102, 15.9
309, 24.4
304, 25.1
41, 29.1
257, 37.9
313, 52.4
80, 52.5
290, 37.3
29, 32.5
85, 63.6
336, -7.6
169
165, Brown, Ivy, 27, 14-13
7–7, 101.1
257, 100.7
89, .5127
165, 50.7
179, 51.2
212, 19
237, 19.7
84, 23.4
324, 23.7
15, 29.8
233, 26.9
59, 49.8
205, 50.4
186, 34.7
146, 35
242, 69.3
73, -7.1
163
166, Longwood, BSth, 30, 20-12
12–6, 104.1
192, 103.6
148, .5121
166, 50.2
202, 51.2
212, 17.8
144, 21.5
31, 32.1
70, 26.9
107, 33.6
104, 33.5
240, 49.5
218, 50.5
191, 34.3
167, 34.7
226, 66
250, -7.6
171
167, UNC Wilmington, CAA, 32, 24-10
12–6, 101.9
240, 101.5
103, .5113
167, 48.9
262, 49.2
109, 18.6
214, 20.7
55, 27.8
207, 28
164, 39.7
19, 37.6
310, 48.3
262, 51.2
227, 33.3
207, 30.5
22, 65.2
283, -2.8
94
168, North Carolina Central, MEAC, 25, 18-11
10–4, 101.1
255, 100.9
95, .5079
168, 51.2
147, 49.1
101, 22.6
353, 21.6
30, 32.9
49, 29.4
226, 34.4
85, 33.9
249, 50.7
167, 50.3
180, 34.9
132, 31.4
46, 67.8
153, -6.5
154
169, Cleveland St., Horz, 32, 21-13
14–6, 104.9
174, 104.6
168, .5071
169, 49.5
227, 48.2
74, 17.4
116, 20.5
59, 35.2
15, 35
358, 30
224, 30.7
168, 50.7
167, 48.8
108, 30.8
334, 31.5
51, 65.6
269, -8
176
170, Quinnipiac
   vs. 300 Marist, MAAC, 30, 20-11
11–9, 104.8
176, 104.7
169, .5042
170, 50.3
195, 47.9
63, 18.3
190, 16.4
290, 32.3
60, 27.4
129, 33.5
107, 27
62, 47.7
281, 48.4
88, 36.5
48, 31.3
43, 69.9
49, -6.3
150
171, Ball St.
   vs. 137 Ohio (lost), MAC, 30, 20-12
11–7, 108.1
119, 107.9
245, .5038
171, 53
59, 51
201, 17.8
144, 16.7
262, 30.5
113, 28.4
181, 42.3
8, 31.3
183, 51.7
108, 47.7
67, 36.9
36, 38.4
351, 67.3
175, -6.2
148
172, Richmond, A10, 33, 15-18
7–11, 103.1
217, 103.0
133, .5030
172, 51.2
147, 49.6
124, 17.1
86, 17.1
237, 21
347, 25.4
51, 33
119, 26.2
44, 52.4
80, 49.7
162, 33
223, 32.9
107, 65.3
282, -10.4
232
173, UC Riverside
   vs. 150 UC Davis, BW, 31, 21-11
14–6, 106.0
152, 106.0
199, .5012
173, 50
214, 51.4
227, 18
161, 17.3
225, 32.2
65, 22.8
10, 26
331, 37.4
308, 48.4
254, 51.4
234, 35.1
108, 34.3
198, 66.9
192, -3.6
109
174, Boston College, ACC, 33, 16-17
9–11, 103.1
216, 103.1
137, .5008
174, 48.7
269, 51.5
236, 18.3
190, 18.3
160, 27.6
211, 28.3
177, 27.3
310, 27.6
76, 49.2
230, 49.1
130, 31.9
292, 36.8
321, 66.6
212, -6.8
159
175, Louisiana Tech
   vs. 50 North Texas, CUSA, 29, 15-17
7–13, 105.8
156, 105.8
192, .4996
175, 51.4
133, 53.8
319, 19.9
289, 21
44, 30.6
111, 27.6
143, 27.5
304, 38.2
317, 50.7
167, 51
214, 35
122, 38.4
351, 66.4
222, -9.3
197
176, Chattanooga, SC, 32, 18-17
7–11, 108.2
115, 108.2
249, .4993
176, 54
33, 50.9
197, 17.5
120, 15.3
334, 27.3
221, 26.7
96, 32
157, 30.2
154, 51.8
99, 50.6
199, 37.3
29, 34.2
189, 68.1
136, -11
240
177, Lipscomb, ASun, 30, 20-13
11–7, 104.0
193, 104.1
157, .4971
177, 53.7
41, 50.2
155, 17.3
102, 15.6
321, 25
286, 24.6
30, 23.6
354, 23.3
11, 53.5
57, 49.4
148, 36
75, 34.3
198, 69.3
77, -7.1
164
178, Stetson, ASun, 28, 17-13
12–6, 112.7
50, 112.8
331, .4958
178, 54.1
32, 53.3
306, 15.8
38, 14.5
349, 28.7
172, 28.3
177, 25.5
337, 29.5
133, 51.1
139, 52.7
301, 38.6
11, 36.2
293, 64.5
316, -6.8
158
179, Saint Joseph's
   vs. 64 Dayton (lost), A10, 33, 16-17
8–10, 104.8
177, 105.0
176, .4948
179, 50.2
202, 50.5
172, 18.2
180, 18.9
124, 28.9
164, 30.7
287, 34.2
90, 32.8
226, 50.9
153, 50.1
173, 32.9
229, 34.1
177, 69.2
79, -9.6
208
180, UNC Asheville, BSth, 32, 27-7
16–2, 103.1
219, 103.4
145, .4892
180, 53.9
34, 48
68, 20
298, 17.9
180, 25.8
259, 28.7
193, 41.3
12, 26.8
58, 51.4
119, 49.1
130, 38.8
9, 30.5
22, 68.4
128, -1.6
77
181, Radford, BSth, 31, 19-14
12–6, 104.4
184, 104.9
175, .4876
181, 51.5
122, 52.6
291, 18.4
203, 20.3
66, 30.7
110, 27.9
158, 28.8
266, 32.3
217, 50.5
174, 53.5
317, 35.7
91, 34
172, 64.6
312, -8.3
182
182, Buffalo
   vs. 109 Akron, MAC, 29, 15-16
9–9, 104.1
191, 104.6
167, .4864
182, 49.7
221, 51.9
258, 19.3
256, 18.4
150, 32.2
65, 29.1
214, 31.9
158, 36.6
296, 51.1
139, 51.9
265, 31.4
313, 34.6
217, 72.1
12, -8.4
184
183, UTEP, CUSA, 30, 14-18
7–13, 99.7
283, 100.4
86, .4782
183, 48.6
277, 51.1
207, 22.9
357, 22.9
16, 33.3
38, 29.7
236, 38.8
27, 37.3
307, 50.7
167, 51.8
258, 29.1
357, 33.2
124, 66.8
201, -10.5
233
184, St. Bonaventure, A10, 32, 14-18
8–10, 101.3
253, 102.3
118, .4707
184, 49.2
245, 48.6
85, 18.8
230, 19.4
101, 27.5
214, 29.2
218, 29.5
242, 40.9
342, 47.5
286, 52.1
279, 34.8
139, 28.7
4, 65.6
274, -11.5
250
185, Western Kentucky
   vs. 36 Florida Atlantic, CUSA, 30, 17-15
8–12, 104.9
170, 106.0
200, .4700
185, 50.3
195, 50.6
179, 17
83, 17.8
187, 25.8
259, 30.9
293, 32.6
131, 25.8
38, 49
240, 47.2
53, 35
122, 36.8
321, 67.2
181, -7.8
175
186, Georgia Southern, SB, 30, 17-16
9–9, 100.9
263, 102.1
114, .4671
186, 48.2
291, 49.5
117, 16.3
52, 18.3
160, 25.8
259, 27.3
123, 27.9
290, 34.6
258, 48.4
254, 49.4
148, 31.8
302, 33.2
124, 66.6
213, -9.7
212
187, Texas A&M Corpus Chris, Slnd, 29, 23-10
14–4, 106.5
138, 107.8
238, .4666
187, 51.2
147, 52.4
281, 18
161, 20.9
49, 32.5
58, 27.9
158, 34.4
85, 38.6
320, 49
240, 54.1
326, 36.9
36, 33.3
134, 69.2
81, -5.8
137
188, Harvard, Ivy, 26, 14-14
5–9, 100.1
279, 101.2
101, .4662
188, 49.5
227, 48.8
93, 19.8
284, 18.4
150, 30.3
122, 24.3
24, 31.2
189, 25
26, 52.1
91, 50
169, 30
347, 31.2
38, 66
252, -8.3
183
189, South Dakota St., Sum, 31, 19-13
13–5, 104.4
185, 105.6
190, .4647
189, 51.7
111, 50.9
197, 17.1
86, 17.3
225, 21.5
345, 26
68, 28.1
284, 23.1
10, 51.2
135, 51.7
249, 35.1
108, 33.2
124, 66.7
205, -6.1
145
190, Drexel, CAA, 31, 17-15
10–8, 100.8
266, 102.2
116, .4608
190, 49.4
235, 47.4
43, 17.9
152, 18
174, 29.4
153, 27.4
129, 30.1
222, 24.2
17, 50.6
171, 46.2
32, 31.8
302, 33.5
148, 63.4
340, -10.1
225
191, St. Thomas, Sum, 31, 19-14
9–9, 107.0
132, 108.6
257, .4579
191, 51.8
106, 51.9
258, 15.1
18, 17.3
225, 24
315, 28.8
199, 30.7
209, 31
176, 51.2
135, 52.6
294, 35.1
108, 33.7
152, 66.1
241, -8.3
180
192, Texas St., SB, 32, 16-19
6–12, 105.0
168, 106.6
206, .4572
192, 48.2
291, 50.9
197, 17.9
152, 18.6
137, 31.6
83, 28.5
185, 32.5
133, 41.7
345, 48.6
248, 49
120, 31.4
313, 36.4
304, 63.6
337, -11.7
253
193, George Washington, A10, 31, 16-16
10–8, 109.8
92, 111.6
313, .4523
193, 53
59, 52
267, 17.6
133, 15.5
327, 26.5
243, 29.7
236, 34.5
81, 27.7
80, 56
13, 51.7
249, 32.1
279, 34.9
234, 68.8
100, -10
220
194, Wright St., Horz, 31, 18-15
10–10, 104.4
183, 106.2
202, .4520
194, 53.5
45, 50.3
162, 17.3
102, 17.2
233, 26.2
249, 26.6
92, 24
352, 27.6
76, 53.9
43, 51.2
227, 35.1
108, 32.6
91, 71.3
22, -10.7
237
195, East Carolina
   vs. 136 South Florida (won), Amer, 32, 16-16
6–12, 103.3
211, 105.1
178, .4503
195, 47.5
312, 49.7
129, 19.1
241, 17.5
215, 33.5
32, 29.3
221, 37.1
43, 32.7
224, 47.1
301, 49.9
168, 32
286, 32.9
107, 67.3
176, -7.4
167
196, Old Dominion, SB, 30, 19-12
11–7, 102.1
231, 103.9
152, .4493
196, 46.4
333, 48.3
78, 17.1
86, 17.7
195, 32.8
52, 29
209, 36.2
58, 34.7
262, 46.1
323, 48.8
108, 31.5
308, 31.7
58, 65
301, -5.6
133
197, Abilene Christian, WAC, 26, 13-17
5–11, 105.8
157, 107.7
234, .4475
197, 49.2
245, 56.5
359, 17.3
102, 23.3
13, 25.5
270, 28.6
188, 32.3
142, 45.6
358, 48.1
266, 56.2
355, 34.3
167, 38.1
348, 69.1
87, -10
221
198, Pepperdine, WCC, 29, 9-22
2–14, 104.9
172, 106.9
216, .4466
198, 52
92, 52.5
286, 18.3
190, 16.6
277, 25.9
256, 30.5
276, 26.8
322, 32.6
221, 51.6
113, 51.6
243, 35.1
108, 36.2
293, 72.2
10, -12.5
264
199, Navy, Pat, 30, 18-13
11–7, 102.1
236, 104.0
154, .4456
199, 51.5
122, 50.4
168, 17.3
102, 19.5
96, 29.9
139, 28
164, 23.7
353, 30
149, 49.3
224, 49.8
165, 36.9
36, 34.2
189, 64.4
318, -8.5
187
200, Weber St., BSky, 31, 18-15
12–6, 99.6
285, 101.7
106, .4427
200, 50.8
175, 52.8
295, 19.2
250, 19.3
105, 21
347, 22.4
4, 33.7
102, 31.7
196, 51.8
99, 51.1
222, 32.8
239, 36.8
321, 65.1
294, -8.1
177
201, Gardner Webb, BSth, 29, 15-16
10–8, 99.3
290, 101.6
104, .4353
201, 50.7
179, 49.1
101, 19.5
265, 20.3
66, 28.5
182, 25.1
41, 34.8
73, 39.6
336, 51.5
115, 47.4
60, 32.8
239, 34.7
226, 66.2
235, -11.1
242
202, Morehead St., OVC, 28, 21-11
14–4, 101.6
249, 104.2
160, .4280
202, 49.5
227, 49.8
131, 18.9
234, 15.8
314, 27.3
221, 24.6
30, 35.9
61, 28.3
100, 47.1
301, 50.1
173, 35.6
97, 32.7
94, 63.6
338, -6.4
152
203, FIU, CUSA, 30, 14-18
8–12, 103.2
212, 105.9
197, .4256
203, 52.1
89, 52.1
271, 20.6
320, 22.8
18, 25.5
270, 36.7
361, 28.7
269, 30.6
163, 53.8
48, 50.4
186, 32.8
239, 36.5
311, 70
41, -10.9
238
204, Queens, ASun, 30, 18-15
7–11, 106.8
136, 109.7
280, .4221
204, 51.2
147, 53
300, 17.6
133, 15.7
317, 29.7
147, 26.1
71, 35.9
61, 25.4
29, 50.5
174, 53
305, 34.8
139, 35.3
258, 69.9
50, -9.2
196
205, Florida Gulf Coast, ASun, 31, 17-15
7–11, 104.0
194, 106.9
218, .4219
205, 51.2
147, 50.7
186, 17.1
86, 17.3
225, 26.6
238, 28.8
199, 28.2
277, 28.1
95, 50.1
192, 51.1
222, 35.1
108, 33.4
139, 66.3
226, -8.5
186
206, La Salle
   vs. 151 Fordham, A10, 33, 15-18
7–11, 104.8
179, 107.7
235, .4218
206, 48.7
269, 51
201, 18.2
180, 17.9
180, 30.9
103, 30.7
287, 28.6
271, 31.2
181, 47
303, 50.4
186, 34.4
161, 34.7
226, 67.7
155, -10.5
236
207, Georgetown, BE, 32, 7-25
2–18, 103.9
199, 107.0
220, .4175
207, 47.1
322, 53.6
316, 17.5
120, 15.9
309, 28.9
164, 30
252, 29.1
257, 24.5
20, 47.5
286, 50.5
191, 30.9
332, 38.9
357, 68.8
107, -12.7
273
208, Northern Iowa, MVC, 31, 14-18
9–11, 103.7
205, 106.7
214, .4172
208, 51.3
140, 53.8
319, 17.7
140, 18.2
164, 22.6
338, 22.4
4, 31.1
194, 26.5
49, 51.7
108, 53.6
319, 33.7
187, 36
286, 67.4
168, -11.3
246
209, Florida St., ACC, 32, 9-23
7–13, 104.7
180, 107.8
239, .4153
209, 49.3
242, 53.1
302, 17.6
133, 17.1
237, 25.9
256, 31.5
309, 30.4
216, 30.9
173, 49.2
230, 50.8
207, 33
223, 37.6
343, 68.8
104, -12.1
258
210, Siena
   vs. 265 Niagara, MAAC, 31, 17-14
11–9, 101.0
258, 104.1
156, .4139
210, 49.5
227, 49.4
114, 19.6
273, 18.4
150, 30.1
132, 26.7
96, 34.8
73, 33.6
242, 48
272, 49.2
138, 35
122, 33.3
134, 66.8
200, -9.4
200
211, Minnesota
   vs. 29 Maryland, B10, 30, 9-21
2–17, 102.5
225, 105.8
195, .4111
211, 49
254, 50.6
179, 19.5
265, 14.8
345, 25
286, 30.6
282, 30.8
205, 24.5
20, 49.3
224, 49.2
138, 32.4
264, 35.8
279, 65.8
264, -9.5
205
212, San Diego, WCC, 29, 11-20
4–12, 109.9
90, 113.5
334, .4089
212, 51.1
157, 58.2
363, 16
44, 17.3
225, 27.9
203, 29.7
236, 30.9
202, 33.4
236, 50.4
181, 55.9
351, 34.8
139, 41
363, 68.7
114, -11.8
255
213, Massachusetts, A10, 31, 15-16
6–12, 100.7
270, 104.1
158, .4051
213, 46.4
333, 50.2
155, 20.2
305, 19.2
110, 34.5
20, 27.9
158, 32.2
143, 32.4
218, 45.2
339, 50.5
191, 32.8
239, 33.1
118, 70.6
33, -9.1
194
214, New Mexico St., WAC, 21, 9-15
2–10, 104.2
190, 107.8
236, .4032
214, 50.2
202, 53.7
318, 18.3
190, 19.1
116, 27
228, 26.5
84, 34.7
78, 37
300, 48.8
243, 52.5
290, 35.1
108, 36.8
321, 69.1
88, -8.7
189
215, South Carolina, SEC, 32, 11-21
4–14, 103.4
209, 107.1
221, .4018
215, 46.9
327, 52.6
291, 19.9
289, 15.9
309, 32.7
53, 32.5
326, 26.8
322, 29.4
128, 45.8
329, 53.7
320, 32.3
269, 33.8
159, 64.3
321, -9.4
199
216, Murray St., MVC, 31, 17-15
11–9, 106.2
148, 109.9
286, .4010
216, 49
254, 51.9
258, 16.2
49, 15.6
321, 27.4
218, 27.3
123, 33.2
115, 24.4
18, 49.1
237, 53.2
310, 32.6
254, 33.4
139, 66.7
207, -7.6
170
217, Rider, MAAC, 29, 16-14
13–7, 105.5
158, 109.3
268, .4007
217, 49.5
227, 50.3
162, 17.8
144, 16.5
285, 33.8
26, 28.3
177, 29.3
248, 38.6
320, 49.4
221, 47.5
63, 33.3
207, 36.2
293, 65.1
291, -9.2
195
218, Bryant, AE, 28, 17-13
8–8, 103.8
204, 107.5
226, .4003
218, 52
92, 50
145, 18.7
220, 15.8
314, 29
160, 25.2
45, 32.9
123, 31.9
206, 53.4
59, 49.3
144, 33.3
207, 34.1
177, 72.1
13, -7.7
173
219, Howard, MEAC, 29, 20-12
11–3, 103.9
198, 107.7
232, .3992
219, 52.2
85, 51.6
239, 22.6
353, 21.1
40, 33.3
38, 31.7
313, 31.6
169, 34.4
257, 49.8
205, 51.6
243, 37.6
22, 34.4
205, 69.1
91, -7.3
166
220, Northern Arizona, BSky, 33, 12-23
5–13, 107.3
127, 111.2
305, .3980
220, 50.5
186, 55.3
350, 15.9
42, 17.2
233, 26.9
231, 25.7
61, 27.4
307, 38.7
322, 48.6
248, 55.7
350, 35.7
91, 36.5
311, 66.8
202, -15
308
221, North Dakota St., Sum, 31, 16-17
11–7, 104.0
196, 107.9
242, .3954
221, 51.7
111, 50.8
192, 16.9
78, 12.4
363, 24.4
304, 22.6
7, 32.2
143, 27.1
64, 52.2
86, 50.6
199, 33.9
177, 34.2
189, 68.1
142, -10.1
224
222, Detroit, Horz, 32, 14-19
9–11, 110.1
86, 114.2
342, .3952
222, 51.4
133, 53.6
316, 17.6
133, 17.1
237, 35.8
12, 29.7
236, 27.2
312, 28.9
114, 46.4
318, 52.6
294, 38.7
10, 36.8
321, 67.1
184, -12.9
275
223, Norfolk St.
   vs. 344 Coppin St., MEAC, 26, 20-10
9–5, 107.3
128, 111.4
309, .3924
223, 53.1
55, 51
201, 20.1
301, 18.6
137, 33.4
36, 31
297, 38.1
32, 35.8
286, 54.6
29, 49.3
144, 33.5
199, 35.2
249, 65.6
270, -5.1
126
224, Northwestern St., Slnd, 32, 22-11
13–5, 105.1
163, 109.3
270, .3903
224, 51.3
140, 51
201, 17.3
102, 21
44, 33.3
38, 33.6
346, 27.2
312, 38.7
322, 49.8
205, 51.8
258, 35.8
85, 32.9
107, 66.5
218, -5.5
132
225, Oregon St., P12, 31, 11-21
5–15, 99.0
294, 102.9
131, .3899
225, 46.5
330, 49.6
124, 20.8
323, 18.2
164, 25.3
276, 30.6
282, 33.9
98, 33.9
249, 45.7
332, 49.1
130, 31.9
292, 33.7
152, 63.6
339, -9.4
203
226, Mercer, SC, 31, 14-19
6–12, 99.1
292, 103.1
136, .3898
226, 48.9
262, 48.8
93, 18.2
180, 17.4
221, 30.4
119, 27.6
143, 28.6
271, 35.9
288, 48.8
243, 48.4
88, 32.7
245, 33
112, 64.5
314, -13.7
291
227, Campbell, BSth, 32, 16-18
8–10, 105.1
162, 109.6
276, .3831
227, 52.7
69, 52.5
286, 18.1
167, 18.4
150, 24.4
304, 27.8
152, 38
33, 32.1
211, 54.7
25, 53.2
310, 32.9
229, 34.4
205, 64.2
323, -13
277
228, Rice
   vs. 56 UAB, CUSA, 29, 18-14
8–12, 106.6
137, 111.1
303, .3822
228, 53.3
47, 54.4
333, 18.1
167, 16
304, 23.6
321, 26.3
80, 33.1
116, 25.7
35, 53.8
48, 54.1
326, 35.1
108, 36.7
318, 70
46, -6.8
157
229, North Florida, ASun, 29, 14-17
9–9, 109.2
99, 114.2
340, .3740
229, 53.3
47, 52.4
281, 17.3
102, 14
357, 26.2
249, 32.9
337, 28.4
273, 23.5
14, 52.1
91, 52.1
279, 36.4
56, 35.5
269, 68.1
145, -10
219
230, UC San Diego, BW, 28, 10-20
5–13, 103.9
200, 108.7
260, .3734
230, 49.6
223, 51.8
249, 17.9
152, 16.5
285, 23.2
326, 29.3
221, 26.1
329, 27.9
89, 49.6
213, 49.7
162, 33
223, 37.1
333, 66
247, -13.8
292
231, Loyola Chicago, A10, 31, 10-21
4–14, 102.9
222, 107.6
230, .3733
231, 52.9
63, 51.6
239, 22.1
349, 17.9
180, 24.5
300, 28.5
185, 31.1
194, 37.5
309, 54.8
23, 51.7
249, 33.4
204, 34.4
205, 66.1
244, -13.5
289
232, Jacksonville, ASun, 26, 13-16
6–12, 100.8
268, 105.4
186, .3732
232, 50.6
183, 49.8
131, 19.1
241, 14.3
356, 23.9
317, 25.7
61, 22.8
359, 27
62, 51
146, 51.4
234, 33.3
207, 32.1
70, 61
361, -10.2
228
233, UT Arlington, WAC, 29, 11-21
6–12, 100.5
272, 105.3
183, .3693
233, 45.9
339, 51.9
258, 21.1
329, 20.1
72, 32.7
53, 30.8
291, 29.7
236, 39.5
334, 44.9
342, 49.6
156, 31.9
292, 37.1
333, 65.9
257, -13.2
282
234, Northern Colorado, BSky, 31, 12-20
6–12, 106.3
146, 111.4
308, .3683
234, 52.4
78, 53.1
302, 17.5
120, 14
357, 24.3
308, 27
110, 31.4
181, 31.7
196, 51
146, 54.5
335, 36.4
56, 33.4
139, 69.6
63, -12.5
265
235, Jacksonville St., ASun, 28, 13-18
6–12, 101.9
239, 106.9
217, .3663
235, 50.5
186, 52.5
286, 20.2
305, 16.5
285, 29.4
153, 24.1
20, 31.8
163, 29.5
133, 47.9
275, 52.7
301, 36
75, 34.9
234, 65.5
281, -11.4
248
236, Delaware, CAA, 32, 17-16
8–10, 102.5
227, 107.6
229, .3645
236, 49.6
223, 51.8
249, 16.5
64, 18.6
137, 25
286, 29.8
241, 33
119, 29.4
128, 50.5
174, 50.1
173, 32
286, 36.6
315, 67
188, -9.7
211
237, Army, Pat, 31, 17-16
10–8, 103.3
210, 108.5
256, .3640
237, 53.8
37, 51.4
227, 19.1
241, 15.6
321, 25.4
272, 24.2
23, 31.3
187, 28.5
104, 54.7
25, 52.4
287, 34.9
132, 33.1
118, 68.5
118, -12.4
263
238, Portland St., BSky, 29, 12-19
6–11, 103.2
213, 108.3
253, .3629
238, 49.6
223, 55
346, 16.8
75, 21.3
36, 24
315, 31.4
307, 34.8
73, 46.6
359, 49.7
209, 55
344, 33
223, 36.8
321, 72.4
8, -12.6
269
239, Milwaukee, Horz, 29, 21-11
14–6, 102.5
226, 107.8
237, .3598
239, 51.8
106, 48.2
74, 21.5
343, 17.7
195, 32.7
53, 32.8
333, 31.9
158, 29.4
128, 51.4
119, 49
120, 35
122, 31.4
46, 71.7
18, -6
142
240, Wofford, SC, 30, 17-16
8–10, 108.7
108, 114.5
344, .3551
240, 52.4
78, 54.8
341, 16.3
52, 16.6
277, 28.6
178, 28.7
193, 30
224, 26.4
47, 55.1
20, 56.1
352, 32.1
279, 35.3
258, 65.1
292, -9.6
210
241, Rhode Island, A10, 31, 9-22
5–13, 98.2
308, 103.5
147, .3518
241, 44.2
358, 49.1
101, 20.4
313, 17.2
233, 31.6
83, 29.5
230, 37
46, 31.7
196, 43.6
352, 49.6
156, 30.4
341, 32.1
70, 67.2
183, -15.5
321
242, Northern Illinois
   vs. 81 Kent St. (lost), MAC, 30, 13-19
9–9, 101.1
256, 106.7
215, .3495
242, 52.2
85, 50.7
186, 20.3
312, 18.6
137, 25
286, 32.8
333, 34.3
88, 35.8
286, 52.1
91, 51.7
249, 34.9
132, 32.7
94, 69
95, -12
257
243, Robert Morris, Horz, 31, 16-17
10–10, 98.6
302, 104.5
165, .3389
243, 49.2
245, 49.6
124, 19.5
265, 19.1
116, 29.7
147, 28.5
185, 26.9
320, 31.1
179, 50.4
181, 47.4
60, 31.4
313, 36.2
293, 66.2
233, -11.9
256
244, Idaho St., BSky, 30, 11-21
8–10, 102.4
228, 108.6
258, .3365
244, 50.8
175, 51.4
227, 17.2
94, 17.8
187, 24.6
298, 27.2
118, 28.9
262, 35.5
283, 51.3
127, 52.6
294, 33.3
207, 32.5
85, 65.2
284, -15.3
314
245, Fort Wayne, Horz, 30, 17-15
9–11, 100.5
271, 106.7
212, .3360
245, 50.5
186, 51.9
258, 18.9
234, 17.7
195, 27.1
227, 26.1
71, 28.7
269, 23
9, 50.8
160, 55.2
347, 33.5
199, 31.2
38, 69
94, -9.9
218
246, Western Carolina, SC, 30, 18-15
10–8, 102.1
233, 108.4
255, .3343
246, 49
254, 51.1
207, 15.7
34, 15.7
317, 25.8
259, 25.5
55, 34.5
81, 34
252, 48.1
266, 51.7
249, 33.6
190, 33.1
118, 67.5
167, -9.4
202
247, UMBC, AE, 31, 18-14
8–8, 105.0
165, 111.7
315, .3291
247, 51.3
140, 52.9
299, 14.8
12, 16.9
249, 26.4
246, 26.8
105, 27
318, 25.6
33, 51.8
99, 50.6
199, 33.8
181, 37.7
344, 67.7
160, -9.4
201
248, Winthrop, BSth, 30, 15-17
10–8, 108.1
117, 115.0
347, .3287
248, 55.1
19, 54.8
341, 20.6
320, 17.4
221, 25.9
256, 34.2
352, 41.6
10, 31
176, 53.8
48, 55.5
349, 37.9
17, 35.8
279, 66.9
197, -11.1
243
249, East Tennessee St., SC, 30, 12-20
8–10, 100.9
262, 107.4
223, .3279
249, 50.5
186, 50.8
192, 19.5
265, 17.5
215, 29.9
139, 28.9
202, 31.2
189, 26.9
59, 51.8
99, 51.8
258, 32.1
279, 32.9
107, 65.9
255, -15
306
250, Canisius, MAAC, 29, 10-20
8–12, 102.0
237, 108.6
259, .3273
250, 48.6
277, 52.8
295, 17.5
120, 18.7
131, 28.4
187, 29.9
242, 24.9
342, 27.7
80, 47.4
290, 52
271, 33.6
190, 36.4
304, 67.6
163, -14.8
304
251, North Alabama, ASun, 29, 18-14
10–8, 105.0
169, 111.8
317, .3259
251, 51.3
140, 52.4
281, 15.6
30, 15.2
336, 23.2
326, 28.1
169, 30.9
202, 32
208, 49.9
201, 50
169, 36.1
70, 37.7
344, 68.5
122, -7.8
174
252, USC Upstate, BSth, 29, 16-15
10–8, 99.1
293, 105.6
189, .3236
252, 51.1
157, 50
145, 19.5
265, 20.5
59, 24.5
300, 32.7
330, 32.2
143, 43.8
356, 51.5
115, 49.3
144, 33.6
190, 34.2
189, 67.9
152, -9.6
209
253, Bellarmine, ASun, 30, 15-18
9–9, 102.5
224, 109.6
277, .3171
253, 51.7
111, 54.7
338, 18.2
180, 17.7
195, 20.6
352, 28.1
169, 25.4
339, 31.8
201, 53.9
43, 55
344, 32.6
254, 36.3
302, 62
358, -10
223
254, SIU Edwardsville, OVC, 30, 19-14
9–9, 99.6
284, 106.7
213, .3127
254, 48.5
280, 49
99, 18.5
208, 19.2
110, 30.6
111, 29.4
226, 40.3
18, 34.6
258, 48.5
252, 48.1
82, 32.3
269, 33.6
150, 69.1
86, -10.2
229
255, UT Rio Grande Valley, WAC, 28, 15-17
5–12, 103.2
214, 110.5
290, .3125
255, 51.2
147, 52
267, 22.2
351, 16.9
249, 29
160, 29.5
230, 45.9
3, 38.9
326, 51.7
108, 51.9
265, 33.5
199, 34.8
230, 72.5
6, -10.2
227
256, Sacramento St., BSky, 30, 14-18
7–11, 102.2
230, 109.5
274, .3115
256, 50.8
175, 52.2
274, 20.8
323, 14.5
349, 32.9
49, 24
18, 27.5
304, 25.8
38, 50
193, 51.6
243, 34.9
132, 35.7
276, 62.3
354, -11.4
249
257, Alcorn St., SWAC, 31, 18-13
15–3, 101.5
250, 108.8
264, .3104
257, 45.5
346, 51.4
227, 18.3
190, 21.1
40, 33.5
32, 31.3
304, 35.1
67, 39.1
331, 46
326, 52.5
290, 29.6
352, 33.2
124, 67.2
182, -6.9
162
258, Dartmouth, Ivy, 26, 10-18
6–8, 100.4
274, 107.7
233, .3077
258, 50
214, 51.3
221, 20.2
305, 16.5
285, 23.5
322, 26.2
76, 29.1
257, 31.7
196, 50.8
160, 51.6
243, 32.6
254, 34
172, 68.7
115, -12.8
274
259, Southeastern Louisiana, Slnd, 29, 18-14
12–6, 103.6
207, 111.2
304, .3068
259, 50.9
167, 54.2
330, 16.9
78, 19.8
79, 27.6
211, 29.9
242, 32.1
151, 33.4
236, 49.1
237, 52.1
279, 36.4
56, 38.2
350, 68.7
108, -9
193
260, Mount St. Mary's, MAAC, 32, 13-20
8–12, 98.1
311, 105.5
187, .3028
260, 48.6
277, 48.9
95, 20.8
323, 17.9
180, 27.8
207, 29.9
242, 26
331, 29.2
121, 45.8
329, 48
76, 36
75, 33.7
152, 65.8
263, -14.2
295
261, Louisiana Monroe, SB, 29, 11-21
7–11, 98.1
310, 105.7
191, .2982
261, 45.2
349, 51.7
244, 18.7
220, 17.6
205, 27.3
221, 29.9
242, 30
224, 28.6
109, 41.6
361, 50.3
180, 34.2
172, 36
286, 66.1
240, -13.4
285
262, Southeast Missouri St., OVC, 33, 19-16
10–8, 100.8
265, 108.7
260, .2975
262, 50
214, 51.6
239, 17.3
102, 19
121, 25.3
276, 27.9
158, 38.3
30, 43.6
354, 50
193, 50.8
207, 33.3
207, 35.3
258, 72.2
11, -11.3
247
263, Fairfield, MAAC, 30, 13-18
9–11, 98.8
299, 106.6
207, .2940
263, 46
337, 49.3
111, 18.2
180, 17.8
187, 28.6
178, 29.5
230, 37.9
35, 28.1
95, 47.8
277, 51.7
249, 28.6
360, 29.3
8, 64.9
303, -12.9
276
264, North Dakota, Sum, 31, 13-20
6–12, 103.8
203, 112.1
321, .2909
264, 51
163, 53.5
315, 16.7
69, 15.5
327, 25.7
267, 27.4
129, 27.3
310, 28
91, 50.6
171, 53
305, 34.4
161, 36.4
304, 67
191, -14.1
293
265, Niagara
   vs. 210 Siena, MAAC, 28, 15-14
10–10, 100.1
277, 108.2
249, .2903
265, 50.1
208, 49.9
139, 18.4
203, 16.8
256, 25.8
259, 27.5
142, 30.8
205, 33.3
233, 49.9
201, 48
76, 33.6
190, 36.2
293, 63.2
343, -9.4
204
266, California, P12, 32, 3-29
2–18, 96.9
327, 104.7
172, .2902
266, 43.7
361, 51.6
239, 20.1
301, 16
304, 25.3
276, 30.4
273, 31.5
178, 32.6
221, 43.2
355, 52.5
290, 29.8
349, 33.4
139, 63.4
342, -16.6
336
267, Lafayette, Pat, 34, 11-23
7–11, 95.2
341, 103.0
132, .2892
267, 48.7
269, 50.8
192, 17.9
152, 18.2
164, 23.8
318, 25.3
46, 24.5
346, 29.4
128, 48.4
254, 50.6
199, 32.7
245, 34.1
177, 62.9
349, -16.5
333
268, Miami OH
   vs. 83 Toledo (lost), MAC, 29, 12-20
6–12, 103.1
215, 111.5
312, .2885
268, 52
92, 53.8
319, 19.6
273, 17.8
187, 26.6
238, 32.6
328, 32.1
151, 37.1
304, 53.8
48, 54.1
326, 32.9
229, 35.4
264, 66.8
203, -14.1
294
269, Bowling Green, MAC, 29, 11-20
5–13, 103.8
201, 112.5
326, .2841
269, 50.5
186, 54.1
327, 17.5
120, 16.3
295, 29.8
144, 28
164, 32.5
133, 33.6
242, 50.4
181, 53.8
321, 33.8
181, 36.4
304, 69.6
61, -15
307
270, Nicholls St., Slnd, 27, 16-15
11–7, 99.5
289, 107.8
240, .2841
270, 50.3
195, 52.5
286, 18.5
208, 23.7
11, 29.3
155, 33.7
349, 27.6
300, 47.6
362, 50.5
174, 51.4
234, 33.3
207, 36.2
293, 70.5
35, -9.3
198
271, UTSA, CUSA, 30, 10-22
4–16, 102.1
232, 110.9
299, .2792
271, 47.4
316, 52.5
286, 19.5
265, 15.4
332, 28.5
182, 31.2
302, 37.4
39, 30.6
163, 45.3
338, 51.9
265, 33.8
181, 35.6
273, 69.1
90, -14.4
299
272, Tennessee St., OVC, 28, 18-14
10–8, 101.2
254, 110.0
287, .2771
272, 50.9
167, 49.9
139, 17.3
102, 18.5
145, 26.9
231, 28.2
172, 35.1
67, 42.4
350, 49.6
213, 49.5
154, 35.1
108, 33.8
159, 70.5
38, -11.3
245
273, Oakland, Horz, 31, 13-19
11–9, 103.0
221, 111.9
320, .2769
273, 49.2
245, 54.8
341, 15.1
18, 18.7
131, 24.2
311, 32.7
330, 31.6
169, 22.5
7, 51.3
127, 53.9
323, 30.6
337, 37.5
342, 68.4
124, -12.5
267
274, Prairie View A&M
   vs. 310 Jackson St. (lost), SWAC, 30, 13-19
9–9, 94.1
346, 102.3
117, .2764
274, 44.8
355, 48.2
74, 19.6
273, 21.2
38, 31.7
79, 28.7
193, 33
119, 41.8
346, 44
348, 47.3
58, 30.9
332, 33.3
134, 67.6
165, -13.5
287
275, Denver, Sum, 30, 15-17
6–12, 100.8
267, 109.7
278, .2748
275, 52.3
82, 51.7
244, 21.4
341, 15.6
321, 29.8
144, 27.4
129, 39.4
23, 27.7
80, 53.4
59, 52.2
285, 32.9
229, 33.9
165, 68.6
117, -12.7
272
276, Tennessee Martin, OVC, 29, 19-14
10–8, 101.6
247, 110.6
293, .2745
276, 50.4
194, 49.6
124, 16.8
75, 16.8
256, 27
228, 29
209, 36.1
59, 34
252, 51.9
95, 50.5
191, 31.9
292, 32.3
79, 71.1
25, -10.5
234
277, Maryland Eastern Shore
   vs. 318 Morgan St., MEAC, 25, 17-12
9–5, 93.4
351, 101.6
105, .2745
277, 48
294, 50.7
186, 21.1
329, 24.6
4, 27
228, 31.5
309, 30.7
209, 34.8
264, 46.4
318, 51.5
239, 33.5
199, 32.8
100, 69.2
82, -6.9
161
278, Tennessee Tech, OVC, 30, 16-17
11–7, 101.6
248, 110.5
292, .2742
278, 51.4
133, 51.7
244, 17.8
144, 18
174, 23.8
318, 30.2
261, 29.9
228, 25.8
38, 48.1
266, 52.1
279, 37.3
29, 34
172, 66.3
225, -12.5
266
279, Louisville, ACC, 32, 4-28
2–18, 101.6
245, 110.6
294, .2735
279, 48
294, 54.1
327, 22.3
352, 15.2
336, 28.2
194, 30.1
255, 32.9
123, 30.6
163, 47.3
294, 54.9
343, 32.9
229, 35.2
249, 66.5
217, -17
339
280, Southern
   vs. 312 Alabama A&M, SWAC, 29, 15-16
11–7, 96.2
332, 104.8
173, .2720
280, 48.7
269, 51.3
221, 20.5
317, 22.9
16, 24.3
308, 28.1
169, 34
94, 42
348, 48
272, 51.5
239, 33.1
221, 33.9
165, 71.1
24, -10.2
230
281, Southern Indiana, OVC, 29, 16-16
9–9, 103.0
220, 112.3
322, .2715
281, 50.5
186, 51.8
249, 18.3
190, 16.7
262, 32.6
56, 25
39, 33.4
110, 40.3
340, 47.2
299, 51
214, 36.6
45, 35.2
249, 69.3
72, -12.3
262
282, New Hampshire, AE, 28, 15-15
9–7, 97.5
318, 106.4
203, .2683
282, 45.8
342, 49.1
101, 15
17, 16.2
298, 26
253, 27.4
129, 29.6
238, 30.2
154, 42.8
358, 50
169, 33.4
204, 31.5
51, 64.1
328, -10.5
235
283, Illinois Chicago, MVC, 31, 12-20
4–16, 98.9
295, 107.9
246, .2678
283, 48.7
269, 51.2
212, 18.3
190, 19.6
91, 22.7
337, 30.3
266, 34.1
92, 33
230, 47.9
275, 51.1
222, 33.2
217, 34.3
198, 69
93, -13.7
290
284, Valparaiso, MVC, 31, 11-21
5–15, 98.4
305, 107.4
224, .2665
284, 49
254, 51.5
236, 18.1
167, 15.6
321, 22.5
339, 24.5
27, 27.9
290, 31.8
201, 51.9
95, 51.6
243, 29.2
355, 34.3
198, 68
149, -14.4
301
285, Lehigh, Pat, 28, 16-14
11–7, 97.8
314, 107.0
219, .2641
285, 49.8
218, 50.3
162, 17.4
116, 16.6
277, 18.8
360, 26.7
96, 31.1
194, 28.5
104, 48.4
254, 50.9
210, 35
122, 32.8
100, 69.6
65, -9.9
216
286, Merrimack, NEC, 32, 18-16
12–4, 91.2
360, 99.9
78, .2605
286, 48.3
288, 49.1
101, 20.7
322, 26
1, 20.5
353, 35.6
359, 34.6
80, 26.9
59, 48.2
265, 48.9
113, 32.3
269, 33
112, 66.2
230, -11.7
252
287, American, Pat, 32, 17-15
7–11, 101.0
259, 110.7
297, .2575
287, 54.4
26, 51.8
249, 22
348, 19.2
110, 28.3
190, 27.9
158, 27.9
290, 32.1
211, 55.8
14, 48.7
103, 34.6
150, 38.5
353, 62.5
353, -11.2
244
288, Illinois St., MVC, 32, 11-21
6–14, 100.1
278, 109.8
283, .2569
288, 50.2
202, 51.8
249, 21.8
347, 16.7
262, 28.2
194, 26.7
96, 31.3
187, 34
252, 50
193, 52.6
294, 33.6
190, 33.7
152, 65
297, -15.4
319
289, Maine, AE, 28, 13-17
7–9, 98.7
301, 108.3
251, .2558
289, 51.1
157, 53.4
312, 18.7
220, 20.3
66, 22.9
332, 30
252, 23
358, 28.7
111, 51.5
115, 54.4
333, 33.5
199, 34.6
217, 65.7
266, -11.7
251
290, Arkansas St., SB, 30, 13-20
4–14, 99.8
281, 109.5
275, .2553
290, 47.6
307, 50.3
162, 18.1
167, 16.6
277, 28.8
169, 28
164, 35.1
67, 34.8
264, 45.5
335, 48
76, 34.6
150, 36.4
304, 63.2
344, -14.2
297
291, Coastal Carolina, SB, 28, 11-20
5–13, 104.2
189, 114.8
345, .2470
291, 47.5
312, 53.1
302, 17.8
144, 15.5
327, 30.3
122, 30.7
287, 28.9
262, 29.3
124, 48.4
254, 51.3
231, 30.6
337, 36.7
318, 68
146, -14.5
302
292, Tulsa
   vs. 84 Wichita St., Amer, 29, 5-24
1–17, 99.6
287, 109.7
281, .2466
292, 47.9
298, 53.3
306, 19.2
250, 17.1
237, 25.1
284, 33.3
343, 26.6
324, 28
91, 48.7
245, 57.6
360, 31.1
324, 31.3
43, 68.1
139, -14.8
303
293, Bucknell, Pat, 31, 12-20
5–13, 99.1
291, 109.4
273, .2428
293, 51.3
140, 51.2
212, 20.2
305, 15.4
332, 25.4
272, 25
39, 26.9
320, 27.7
80, 51.1
139, 49.4
148, 34.5
153, 36.4
304, 66.7
206, -16
328
294, Georgia St., SB, 28, 10-21
3–15, 97.7
316, 108.0
247, .2420
294, 45.6
344, 50.7
186, 19.5
265, 17.5
215, 30.1
132, 29.5
230, 33.5
107, 35.4
280, 46.5
316, 48.6
98, 29
358, 36.5
311, 66.9
193, -15.4
317
295, Cal St. Bakersfield
   vs. 96 UC Irvine (lost), BW, 31, 11-22
6–14, 95.3
338, 105.3
182, .2406
295, 44.6
356, 51.1
207, 19.8
284, 20.5
59, 27.2
226, 28.4
181, 29.4
243, 43.6
354, 43.7
351, 50.2
177, 31.5
308, 34.9
234, 63
347, -15.4
318
296, South Dakota, Sum, 29, 12-19
7–11, 102.8
223, 113.6
338, .2404
296, 50.1
208, 52.7
293, 17.3
102, 14.4
353, 24.9
290, 27.1
113, 28.1
284, 31.8
201, 45.5
335, 51.8
258, 37.9
17, 36.1
289, 66
254, -13.4
284
297, Texas Southern, SWAC, 30, 12-20
7–11, 96.5
329, 106.6
209, .2401
297, 46.5
330, 50
145, 20.2
305, 18.2
164, 28.3
190, 27.1
113, 33.6
104, 37.2
306, 48.1
266, 49
120, 28.3
361, 34.6
217, 69.5
67, -13.4
283
298, Charleston Southern, BSth, 29, 10-21
5–13, 105.0
167, 116.1
353, .2396
298, 50.3
195, 54.3
331, 18.1
167, 16.7
262, 32.2
65, 31
297, 27.4
307, 36.6
296, 49.7
209, 54.3
331, 34.1
174, 36.2
293, 65.6
273, -15.9
326
299, Western Illinois, Sum, 27, 16-14
9–9, 101.5
251, 112.3
323, .2377
299, 50.1
208, 53.4
312, 15.1
18, 16.4
290, 26.9
231, 26.7
96, 31.4
181, 27.4
73, 51.8
99, 54.6
337, 31.5
308, 33.9
165, 66.7
209, -9.8
215
300, Marist
   vs. 170 Quinnipiac, MAAC, 30, 11-19
6–14, 97.3
319, 107.9
241, .2349
300, 48
294, 48.9
95, 17.7
140, 17.2
233, 25.2
282, 28.2
172, 27.1
316, 28.2
99, 47.3
294, 45.8
24, 32.6
254, 36.1
289, 65.5
278, -15.3
315
301, Boston University, Pat, 31, 15-17
8–10, 97.0
326, 107.5
227, .2344
301, 47
325, 50.5
172, 17.8
144, 18.3
160, 28.7
172, 24.6
30, 29
261, 36.5
295, 45.9
328, 50.3
180, 32.4
264, 33.8
159, 65.5
280, -12.3
261
302, Cal Poly
   vs. 118 UC Santa Barbara, BW, 30, 8-24
1–18, 94.2
345, 104.5
164, .2335
302, 45.9
339, 50.4
168, 20.9
327, 18.8
126, 24.4
304, 25.1
41, 31
200, 42
348, 46.6
312, 49.1
130, 29.8
349, 35.2
249, 63.9
331, -17.3
341
303, Chicago St., ind, 27, 11-20
2–0, 102.3
229, 113.5
336, .2328
303, 48.8
265, 53.3
306, 21.3
337, 16.7
262, 33.5
32, 33.2
340, 31.9
158, 35.9
288, 48.4
254, 53.1
308, 32.9
229, 35.7
276, 64.8
306, -12.7
271
304, Binghamton, AE, 29, 13-18
8–8, 98.9
296, 109.9
285, .2288
304, 49.5
227, 50.5
172, 19.4
263, 15.1
339, 28.7
172, 27.3
123, 28.2
277, 35.4
280, 50
193, 50.8
207, 32.4
264, 33.2
124, 66
253, -13.1
280
305, High Point, BSth, 29, 14-17
6–12, 100.2
275, 111.5
311, .2266
305, 50.2
202, 50.7
186, 19.6
273, 16.3
295, 30.8
107, 32
321, 38.7
28, 35.3
277, 51.4
119, 52
271, 32.3
269, 32.5
85, 71.5
20, -12.7
270
306, Northeastern, CAA, 30, 10-20
6–12, 98.0
312, 109.1
266, .2262
306, 47.9
298, 50.1
149, 21.3
337, 14.5
349, 31.7
79, 26.9
107, 27.7
296, 31.7
196, 46.8
307, 49.2
138, 33.2
217, 34.9
234, 66.9
196, -14.3
298
307, Saint Peter's, MAAC, 30, 14-17
7–13, 97.2
323, 108.2
248, .2260
307, 44.4
357, 49.6
124, 19.9
289, 19.8
79, 36.3
8, 30.4
273, 28.2
277, 50.1
363, 44.4
346, 48.7
103, 29.6
352, 34.2
189, 62.9
348, -12.1
260
308, Idaho, BSky, 30, 10-22
4–14, 101.8
241, 113.6
337, .2218
308, 52
92, 54.3
331, 17.2
94, 16.1
300, 19.6
355, 27.8
152, 35.8
63, 31.6
192, 54.2
37, 52.6
294, 32
286, 38.7
355, 65.9
256, -17.4
342
309, Fairleigh Dickinson, NEC, 32, 19-15
10–6, 106.5
141, 118.8
361, .2215
309, 51.5
122, 55.8
356, 16.3
52, 21.4
33, 31.4
89, 28.9
202, 27.9
290, 34.8
264, 51.4
119, 56.1
352, 34.4
161, 36.9
329, 68.8
105, -12.1
259
310, Jackson St.
   vs. 274 Prairie View A&M (won), SWAC, 32, 14-18
12–6, 98.3
306, 109.8
282, .2191
310, 47.6
307, 52.3
278, 22.1
349, 19.2
110, 32.6
56, 29
209, 32.8
126, 33.6
242, 47.2
299, 51.9
265, 32.2
275, 35.3
258, 68.2
135, -11.1
241
311, Elon, CAA, 30, 8-24
6–12, 98.7
300, 110.7
296, .2107
311, 47.8
301, 52.1
271, 18.4
203, 17.1
237, 24.9
290, 30.6
282, 27.5
304, 29
119, 50.5
174, 51.4
234, 29.2
355, 35.2
249, 66.1
237, -18.8
353
312, Alabama A&M
   vs. 280 Southern, SWAC, 28, 14-17
10–8, 95.9
334, 107.6
231, .2090
312, 48.7
269, 49.8
131, 21.1
329, 21.5
31, 28.5
182, 33.8
350, 34.1
92, 41.3
344, 46.9
305, 48.7
103, 35
122, 34.3
198, 68.8
106, -13
278
313, Manhattan, MAAC, 29, 12-18
10–10, 97.1
324, 109.3
271, .2049
313, 49.2
245, 51.3
221, 19.8
284, 20.5
59, 26.6
238, 34.2
352, 31.5
178, 30.5
162, 49.1
237, 49.1
130, 32.9
229, 36.8
321, 66.9
194, -13.4
286
314, Texas A&M Commerce, Slnd, 32, 13-20
9–9, 100.8
264, 113.5
335, .2045
314, 52.4
78, 52.8
295, 18.9
234, 17.7
195, 26.5
243, 29.9
242, 28.3
275, 37.9
313, 56.2
12, 53.1
308, 31.9
292, 34.8
230, 65.5
277, -15.2
310
315, Eastern Michigan, MAC, 30, 8-23
5–13, 101.4
252, 114.2
341, .2031
315, 49.2
245, 55.6
354, 16.9
78, 17.1
237, 25.1
284, 32.8
333, 32.2
143, 35
271, 50.3
188, 58.7
363, 31.4
313, 34.1
177, 69.3
75, -16.8
338
316, Wagner, NEC, 26, 15-13
8–8, 93.7
350, 105.6
188, .2023
316, 44.9
354, 49.1
101, 19.1
241, 20.9
49, 34.4
22, 24.8
36, 25.2
341, 47
360, 44.7
344, 50.2
177, 30.2
344, 31.5
51, 62.2
355, -10.2
231
317, William & Mary, CAA, 31, 13-20
7–11, 100.1
280, 112.7
330, .2021
317, 49.4
235, 53.9
322, 18.8
230, 17
246, 27.4
218, 29.9
242, 29.2
252, 27.4
73, 46.3
321, 54.3
331, 36.3
64, 35.5
269, 65
296, -14.2
296
318, Morgan St.
   vs. 277 Maryland Eastern Shore, MEAC, 25, 14-15
7–7, 93.9
349, 105.9
198, .2002
318, 47
325, 50.6
179, 21.7
346, 23.8
9, 30.2
126, 37.6
362, 31.6
169, 42.7
351, 44.3
347, 52
271, 35.6
97, 32
67, 70.2
40, -9.8
214
319, Arkansas Pine Bluff, SWAC, 27, 10-21
6–12, 95.2
339, 107.4
225, .1997
319, 45.2
349, 51.4
227, 21.6
344, 21.4
33, 26.6
238, 29
209, 33.8
99, 43.2
352, 44
348, 51.1
222, 31.1
324, 34.5
213, 69.7
57, -15.2
312
320, Nebraska Omaha, Sum, 31, 9-23
4–14, 99.8
282, 112.7
329, .1967
320, 48.5
280, 53.2
305, 18.5
208, 15.8
314, 24.2
311, 28.9
202, 29.6
238, 33.4
236, 47.7
281, 52
271, 33.7
187, 36.5
311, 67.9
151, -15.6
323
321, Loyola MD, Pat, 31, 13-20
7–11, 99.5
288, 112.6
327, .1948
321, 51.3
140, 55.5
353, 20.4
313, 20.2
69, 26.6
238, 28.7
193, 28.2
277, 29.8
144, 50
193, 55.3
348, 35.6
97, 37.1
333, 65.9
258, -15.3
313
322, NJIT, AE, 29, 7-23
4–12, 98.3
307, 111.4
310, .1903
322, 48.3
288, 52.3
278, 16
44, 14.9
341, 23.4
324, 29.1
214, 28.2
277, 27.9
89, 46.1
323, 53.2
310, 35.2
104, 34
172, 66.3
228, -18.1
348
323, Little Rock, OVC, 29, 10-21
6–12, 101.8
242, 115.8
351, .1859
323, 49.2
245, 56.1
358, 18
161, 19.2
110, 29.3
155, 30.4
273, 31.9
158, 37
300, 49.4
221, 54.1
326, 32.5
260, 39.5
358, 70.9
29, -16.5
334
324, New Orleans, Slnd, 30, 12-20
7–11, 98.8
298, 112.4
324, .1849
324, 52.7
69, 54.1
327, 23.6
362, 20.2
69, 29.8
144, 32.7
330, 36.5
52, 39.9
339, 51.1
139, 54.1
326, 37.9
17, 36.2
293, 71.1
26, -15.5
320
325, North Carolina A&T, CAA, 29, 13-19
8–10, 97.8
315, 111.3
307, .1838
325, 47.4
316, 50.6
179, 17.5
120, 15.7
317, 24.6
298, 30.2
261, 30
224, 28.5
104, 46.2
322, 51
214, 32.9
229, 33.2
124, 70
42, -13.1
281
326, UMKC, Sum, 30, 11-21
7–11, 95.5
336, 108.7
262, .1836
326, 43.4
362, 50.1
149, 19.9
289, 17.3
225, 35.9
10, 29.4
226, 33.3
112, 39.4
333, 44.7
344, 48.9
113, 27.3
362, 34.6
217, 63.9
333, -15
305
327, McNeese St., Slnd, 33, 11-23
6–12, 99.6
286, 113.7
339, .1798
327, 49
254, 55
346, 21.6
344, 18.4
150, 33.3
38, 30.9
293, 29.2
252, 34.9
268, 49.2
230, 52.1
279, 32.4
264, 39.7
361, 66.2
232, -16.3
332
328, Cal St. Northridge, BW, 30, 7-25
4–16, 95.4
337, 109.1
265, .1767
328, 44.1
359, 50.4
168, 19.6
273, 18
174, 27.3
221, 30.5
276, 36.6
50, 39
328, 42.8
358, 49.6
156, 31.2
320, 34.6
217, 65.2
288, -18.8
352
329, Central Arkansas, ASun, 30, 9-22
4–14, 98.8
297, 113.0
333, .1756
329, 47.1
322, 54.7
338, 18.1
167, 16.7
262, 27.9
203, 30.5
276, 24.3
347, 28.9
114, 46.8
307, 54.8
340, 31.6
306, 36.3
302, 72.3
9, -15.6
324
330, Stonehill, NEC, 30, 14-17
10–6, 94.7
343, 108.4
254, .1754
330, 50.9
167, 50.2
155, 19.7
281, 19.8
79, 19.1
359, 31.4
307, 32.2
143, 27.3
69, 49.9
201, 49
120, 34.8
139, 34.6
217, 66.7
208, -12.5
268
331, Western Michigan, MAC, 28, 8-23
4–14, 102.1
235, 116.9
357, .1739
331, 48.8
265, 54.8
341, 19.1
241, 14.4
353, 33
47, 27.6
143, 27.8
295, 33.1
232, 49.3
224, 54.4
333, 32.1
279, 37
330, 65.6
271, -16.7
337
332, St. Francis PA, NEC, 29, 13-18
9–7, 101.0
260, 115.9
352, .1698
332, 51.9
101, 51.9
258, 18.3
190, 14.7
347, 25.3
276, 28.9
202, 32.8
126, 29.9
147, 50.4
181, 52.7
301, 36.4
56, 33.7
152, 68.4
130, -14.4
300
333, Incarnate Word, Slnd, 28, 12-19
6–12, 97.3
321, 111.8
318, .1679
333, 48.5
280, 54.4
333, 20
298, 20.5
59, 26.3
248, 33.2
340, 33.3
112, 32.7
224, 47.3
294, 53.9
323, 34.1
174, 36.8
321, 66.9
198, -15.2
311
334, Austin Peay, ASun, 28, 9-22
3–15, 96.4
330, 111.2
306, .1614
334, 46.3
335, 54.7
338, 17.4
116, 19.5
96, 26
253, 31.9
319, 26.1
329, 37
300, 46
326, 56.4
356, 31.2
320, 34.4
205, 64.8
305, -15.8
325
335, The Citadel, SC, 31, 10-22
5–13, 97.3
320, 112.7
328, .1568
335, 49.3
242, 52.4
281, 18.2
180, 16.9
249, 20.8
350, 31.7
313, 28.9
262, 33.9
249, 49.6
213, 53.5
317, 32.5
260, 33.9
165, 67.2
180, -16
329
336, Stony Brook, CAA, 31, 11-22
6–12, 95.7
335, 111.1
300, .1522
336, 47.5
312, 50.3
162, 19.6
273, 14
357, 21.9
342, 27.4
129, 29.4
243, 26.2
44, 48.1
266, 50
169, 31.1
324, 33.8
159, 63.9
332, -15.9
327
337, Sacred Heart, NEC, 32, 16-17
8–8, 96.1
333, 111.7
314, .1506
337, 48.4
286, 50.2
155, 18.8
230, 19.4
101, 28.8
169, 30.8
291, 27.6
300, 26.5
49, 49.8
205, 49.7
162, 30.6
337, 34.1
177, 69.9
48, -13.5
288
338, Presbyterian, BSth, 30, 5-27
1–17, 94.1
347, 109.8
284, .1440
338, 47.3
320, 54
325, 20.8
323, 18.4
150, 29.9
139, 29.5
230, 36.5
52, 39.1
331, 47.3
294, 52
271, 31.5
308, 38.5
353, 64.5
313, -22.3
362
339, Holy Cross, Pat, 30, 10-22
7–11, 94.6
344, 110.5
291, .1434
339, 48.5
280, 51.8
249, 17.5
120, 17.4
221, 21.5
345, 30.1
255, 25.5
337, 27.8
87, 46.5
316, 53.9
323, 35.3
103, 31.9
63, 69
97, -18
347
340, Central Michigan, MAC, 29, 10-21
5–13, 93.0
353, 108.7
263, .1418
340, 46.5
330, 51.9
258, 22.9
357, 19.2
110, 30.5
113, 32.5
326, 36.9
47, 41
343, 47.4
290, 50.9
210, 30
347, 35.6
273, 67.3
171, -15.1
309
341, Columbia, Ivy, 27, 7-22
2–12, 94.8
342, 111.1
301, .1389
341, 45.5
346, 52
267, 19.9
289, 17.6
205, 25.3
276, 30.9
293, 28.1
284, 28.8
112, 45.4
337, 53.2
310, 30.4
341, 33.1
118, 69.7
54, -16.5
335
342, Lindenwood, OVC, 29, 11-21
6–12, 96.2
331, 112.8
332, .1376
342, 48.8
265, 52.4
281, 19.5
265, 17.8
187, 23
330, 31
297, 28.3
275, 31.1
179, 45.7
332, 52
271, 36.2
67, 35.2
249, 67.1
187, -16.3
331
343, South Carolina St., MEAC, 30, 5-26
2–12, 98.5
304, 115.5
350, .1375
343, 46.9
327, 57.7
362, 20.9
327, 21
44, 34.2
24, 34.5
355, 29.2
252, 43.5
353, 47.3
294, 56.8
358, 30.8
334, 39.5
358, 71.8
17, -19.8
356
344, Coppin St.
   vs. 223 Norfolk St., MEAC, 31, 9-22
4–10, 98.6
303, 116.1
354, .1318
344, 51.4
133, 53.3
306, 20.1
301, 18.5
145, 18.6
362, 35.7
360, 37.2
41, 34.1
255, 51.7
108, 54.8
340, 33.9
177, 34.1
177, 72
15, -15.4
316
345, Central Connecticut, NEC, 32, 10-22
7–9, 97.0
325, 114.4
343, .1302
345, 48.1
293, 51.3
221, 17.9
152, 16.4
290, 28.5
182, 28.2
172, 23.3
356, 26.5
49, 47.5
286, 50.2
177, 32.7
245, 35.4
264, 64.4
319, -18.4
351
346, Bethune Cookman, SWAC, 30, 12-20
8–10, 97.3
322, 115.0
348, .1271
346, 46.6
329, 52.7
293, 18.3
190, 19.3
105, 26.9
231, 34.7
357, 32.1
151, 35.2
274, 43.1
357, 52.1
279, 35.8
85, 35.8
279, 68.7
110, -15.6
322
347, Albany, AE, 29, 8-23
3–13, 98.2
309, 116.4
356, .1233
347, 47.3
320, 55.3
350, 19.2
250, 16.6
277, 27.8
207, 26.7
96, 31
200, 36.8
298, 46.6
312, 56.5
357, 32.2
275, 35.3
258, 67.4
169, -17.4
343
348, Houston Christian, Slnd, 29, 10-22
7–11, 101.6
246, 120.5
363, .1232
348, 51.4
133, 57.5
361, 21.1
329, 16.7
262, 28
201, 31.6
311, 40.6
15, 33.3
233, 49.5
218, 57.9
362, 36.1
70, 37.8
346, 70.6
34, -17.7
345
349, Hampton, CAA, 31, 8-24
5–13, 97.7
317, 116.1
354, .1201
349, 45.1
351, 53.9
322, 16
44, 15.7
317, 26.5
243, 30.3
266, 32.1
151, 35.3
277, 43.4
353, 52.2
285, 32.1
279, 37.9
347, 68.8
102, -18.4
350
350, Eastern Illinois, OVC, 29, 9-22
5–13, 94.0
348, 111.9
319, .1195
350, 48
294, 52.2
274, 19.2
250, 19.7
84, 25.3
276, 32.2
322, 32.4
139, 32.5
220, 47.7
281, 52.4
287, 32.6
254, 34.6
217, 68
148, -17.8
346
351, Evansville, MVC, 32, 5-27
1–19, 91.8
357, 109.4
272, .1180
351, 45.1
351, 55.8
356, 17.6
133, 18.9
124, 20.7
351, 25.5
55, 29.4
243, 30.1
152, 43.4
353, 54.8
340, 32.2
275, 38.1
348, 69.6
60, -20
358
352, Monmouth, CAA, 33, 7-26
5–13, 92.2
355, 110.0
288, .1157
352, 43.8
360, 54.4
333, 21.1
329, 21
44, 30.3
122, 32.9
337, 33.1
116, 38.8
324, 44
348, 53.4
316, 28.8
359, 37
330, 68.3
132, -18.9
354
353, Alabama St., SWAC, 30, 8-23
6–12, 92.7
354, 111.1
302, .1109
353, 42.3
363, 49.7
129, 18.7
220, 17.7
195, 31.7
79, 34.4
354, 31.2
189, 34.6
258, 40.4
363, 48.9
113, 30.8
334, 34.2
189, 66.4
221, -17
340
354, VMI, SC, 29, 7-25
2–16, 97.9
313, 117.9
359, .1054
354, 47.8
301, 56.9
360, 19.3
256, 14.6
348, 28.9
164, 27.3
123, 21
362, 28.1
95, 45
341, 57.7
361, 34.2
172, 37.4
339, 66.8
204, -19.8
355
355, Lamar, Slnd, 28, 9-22
5–13, 95.2
340, 114.9
346, .1038
355, 47.6
307, 53
300, 21.2
336, 17.1
237, 31.9
73, 33.5
344, 32.2
143, 30.8
169, 47.5
286, 54.5
335, 31.9
292, 34.1
177, 65.8
262, -18.3
349
356, Florida A&M, SWAC, 27, 7-22
5–13, 90.4
362, 109.3
269, .1019
356, 45
353, 51.1
207, 24
363, 18
174, 27.6
211, 33.6
346, 31.4
181, 44.6
357, 43.2
355, 51.8
258, 32.1
279, 33.2
124, 65
295, -16.2
330
357, Mississippi Valley St., SWAC, 32, 5-27
4–14, 93.0
352, 112.5
325, .1013
357, 45.4
348, 53.3
306, 23.4
360, 19.5
96, 28.7
172, 32.4
324, 38
33, 39.8
338, 42.8
358, 53
305, 34.9
132, 35.8
279, 67.1
185, -20
359
358, St. Francis NY, NEC, 28, 14-16
7–9, 91.4
359, 110.7
295, .0992
358, 45.9
339, 50.5
172, 21.1
329, 19.6
91, 30.9
103, 31.8
317, 31.1
194, 31.6
192, 41.6
361, 47.1
52, 36.5
48, 39.7
361, 65.8
261, -13.1
279
359, Delaware St., MEAC, 27, 6-23
4–10, 91.9
356, 111.8
316, .0959
359, 45.7
343, 54.4
333, 23.5
361, 19
121, 30.1
132, 29.4
226, 29.3
248, 37
300, 45.1
340, 50.6
199, 31.4
313, 39.5
358, 67.6
161, -17.5
344
360, IUPUI, Horz, 30, 5-27
2–18, 96.6
328, 118.8
360, .0853
360, 49.7
221, 55
346, 23.2
359, 16.7
262, 29
160, 31.9
319, 32.2
143, 36
290, 51.7
108, 54.6
337, 29.8
349, 37.2
337, 67.1
186, -22.2
361
361, Green Bay, Horz, 32, 3-29
2–18, 91.6
358, 115.4
349, .0662
361, 46
337, 54.8
341, 21.1
329, 16.1
300, 21.7
343, 32.4
324, 31.5
178, 31.6
192, 46.6
312, 56.1
352, 30.1
346, 35
242, 65.2
286, -22.9
363
362, Hartford, ind, 25, 5-23
0–2, 90.9
361, 118.8
362, .0441
362, 47.7
304, 55.4
352, 22.7
355, 17.6
205, 25.2
282, 33.5
344, 24.1
350, 27.7
80, 47.4
290, 53.8
321, 32
286, 38.7
355, 65.5
276, -19.9
357
363, LIU Brooklyn, NEC, 27, 3-26
1–15, 87.3
363, 117.6
358, .0315
363, 45.6
344, 55.1
349, 22.7
355, 16.7
262, 24.7
296, 30.3
266, 31.7
166, 32.1
211, 44.8
343, 54.6
337, 32
286, 37.4
339, 72.5
7, -21.4
360